htid	HTRecord	WWEnd ID	ISFDB ID	Title	Author	Year
mdp.49015000303835	4412272	1940	33433	The Year's Best Science Fiction: Fourth Annual Collection	Gardner Dozois	1987
mdp.49015002156900	4412272	1941	33432	The Year's Best Science Fiction: Fifth Annual Collection	Gardner Dozois	1988
mdp.49015002156926	4412272	1942	33431	The Year's Best Science Fiction: Sixth Annual Collection	Gardner Dozois	1989
mdp.49015002156934	4412272	1943	33430	The Year's Best Science Fiction: Seventh Annual Collection	Gardner Dozois	1990
mdp.49015002156918	4412272	1944	33429	The Year's Best Science Fiction: Eighth Annual Collection	Gardner Dozois	1991
mdp.49015002156942	4412272	1945	33428	The Year's Best Science Fiction: Ninth Annual Collection	Gardner Dozois	1992
mdp.49015002156959	4412272	1946	33427	The Year's Best Science Fiction: Tenth Annual Collection	Gardner Dozois	1993
mdp.49015002271352	4412272	1948	33425	The Year's Best Science Fiction: Twelth Annual Collection	Gardner Dozois	1995
uc1.32106013246852	75690	1949	34322	The Year's Best Science Fiction: Thirteenth Annual Collection	Gardner Dozois	1996
uc1.32106014789066	75690	1950	34323	The Year's Best Science Fiction: Fourteenth Annual Collection	Gardner Dozois	1997
uc1.32106014833872	75690	1951	34324	The Year's Best Science Fiction: Fifteenth Annual Collection	Gardner Dozois	1998
uc1.32106015630087	75690	1953	34326	The Year's Best Science Fiction: Seventeenth Annual Collection	Gardner Dozois	2000
uc1.32106015400788	75690	1954	34327	The Year's Best Science Fiction: Eighteenth Annual Collection	Gardner Dozois	2001
mdp.49015002831528	4412272	1955	34328	The Year's Best Science Fiction: Nineteenth Annual Collection	Gardner Dozois	2002
mdp.49015002944313	4412272	1956	34329	The Year's Best Science Fiction: Twentieth Annual Collection	Gardner Dozois	2003
mdp.49015003020238	4412272	1957	152105	The Year's Best Science Fiction: Twenty-First Annual Collection	Gardner Dozois	2004
mdp.39015080861803	6803270	1968	197593	Best of the Best Volume 2: 20 Years of the Year's Best Short Science Fiction Novels	Gardner Dozois	2007
inu.30000011372871	7593850	2047	33483	Dangerous Visions	Harlan Ellison	1967
mdp.39015000353535	1421311	2047	33483	Dangerous Visions	Harlan Ellison	1967
mdp.39015000656127	701745	2047	33483	Dangerous Visions	Harlan Ellison	1967
pst.000012691142	7497989	2047	33483	Dangerous Visions	Harlan Ellison	1967
mdp.39015005790855	1026923	2048	33484	Again, Dangerous Visions	Harlan Ellison	1972
pst.000012570997	7491879	2060	34117	Partners in Wonder	Harlan Ellison	1971
mdp.39015030928876	1441842	2069	36250	Adventures in Time and Space	Raymond J. Healy & J. Francis McComas	1946
mdp.39015053247501	1441841	2069	36250	Adventures in Time and Space	Raymond J. Healy & J. Francis McComas	1946
uc1.b4562654	1441841	2069	36250	Adventures in Time and Space	Raymond J. Healy & J. Francis McComas	1946
mdp.39015002985573	1026929	2147	33473	The Science Fiction Hall of Fame, Volume One	Robert Silverberg	1970
pst.000012728084	7039884	2147	33473	The Science Fiction Hall of Fame, Volume One	Robert Silverberg	1970
uc1.32106001693032	5835778	2281	34091	The Astounding Science Fiction Anthology	John W. Campbell, Jr.	1952
mdp.39015004708593	1441724	2283	34589	The Best of Science Fiction	Groff Conklin	1946
osu.32435061284014	100825290	2283	34589	The Best of Science Fiction	Groff Conklin	1946
uc1.$b348189	1441724	2283	34589	The Best of Science Fiction	Groff Conklin	1946
uc1.b3541070	1441724	2283	34589	The Best of Science Fiction	Groff Conklin	1946
mdp.39015014689684	3786131	3051	1479	Needle	Hal Clement	1950
pst.000004769972	7031704	3051	1479	Needle	Hal Clement	1950
pst.000021753299	7067155	4444	1640	The Legacy of Heorot	Steven Barnes & Larry Niven & Jerry Pournelle	1987
mdp.39015002306564	1026929	4470	26790	The Science Fiction Hall of Fame, Volume Two A	Ben Bova	1973
pst.000012384730	7039884	4470	26790	The Science Fiction Hall of Fame, Volume Two A	Ben Bova	1973
mdp.39015069174541	5571864	4586	27532	Books of Blood: Vols. I-III	Clive Barker	1985
mdp.39015073907233	5670037	4586	27532	Books of Blood: Vols. I-III	Clive Barker	1985
mdp.49015000664038	4448616	4598	33399	The Year's Best Fantasy: First Annual Collection	Ellen Datlow & Terri Windling	1988
mdp.39015056485884	3841473	4617	1765	Hotel Transylvania	Chelsea Quinn Yarbro	1978
mdp.39015049623351	4207022	4632	177300	The Thing on the Doorstep and Other Weird Stories	H. P. Lovecraft	2001
mdp.49015002183060	4448616	4637	33400	The Year's Best Fantasy: Second Annual Collection	Ellen Datlow & Terri Windling	1989
mdp.49015001274357	4510497	4639	33402	The Year's Best Fantasy and Horror: Fourth Annual Collection	Ellen Datlow & Terri Windling	1991
mdp.49015002183086	4510497	4640	33403	The Year's Best Fantasy and Horror: Fifth Annual Collection	Ellen Datlow & Terri Windling	1992
mdp.49015002183094	4510497	4641	33404	The Year's Best Fantasy and Horror: Sixth Annual Collection	Ellen Datlow & Terri Windling	1993
mdp.49015002289263	4510497	4642	33405	The Year's Best Fantasy and Horror: Seventh Annual Collection	Ellen Datlow & Terri Windling	1994
mdp.49015002296391	4510497	4643	33406	The Year's Best Fantasy and Horror: Eighth Annual Collection	Ellen Datlow & Terri Windling	1995
mdp.49015002350610	4510497	4644	33407	The Year's Best Fantasy and Horror: Ninth Annual Collection	Ellen Datlow & Terri Windling	1996
mdp.49015002402023	4510497	4645	33408	The Year's Best Fantasy and Horror: Tenth Annual Collection	Ellen Datlow & Terri Windling	1997
mdp.49015002807858	4510497	4648	36484	The Year's Best Fantasy & Horror: Fifteenth Annual Collection	Ellen Datlow & Terri Windling	2002
mdp.49015002833409	4510497	4651	36644	The Year's Best Fantasy & Horror: Sixteenth Annual Collection	Ellen Datlow & Terri Windling	2003
ien.35556018119438	10604796	4690	7810	We Have Always Lived in the Castle	Shirley Jackson	1962
mdp.39015000577299	480263	4690	7810	We Have Always Lived in the Castle	Shirley Jackson	1962
mdp.39015066844336	5403795	4690	7810	We Have Always Lived in the Castle	Shirley Jackson	1962
uc1.$b399347	9383151	4690	7810	We Have Always Lived in the Castle	Shirley Jackson	1962
uc1.b4091217	480263	4690	7810	We Have Always Lived in the Castle	Shirley Jackson	1962
mdp.39015040128517	414811	4755	981129	The Neverending Story	Michael Ende	1979
uc1.b3440800	414811	4755	981129	The Neverending Story	Michael Ende	1979
mdp.49015001181693	4551237	4761	598685	Best New Horror 2	Ramsey Campbell & Stephen Jones	1991
mdp.49015003451193	4551237	4762	34332	Best New Horror 3	Ramsey Campbell & Stephen Jones	1992
mdp.49015002158484	4551237	4763	34333	Best New Horror 4	Ramsey Campbell & Stephen Jones	1993
mdp.49015003451201	3142405	4766	34336	The Mammoth Book of Best New Horror 7	Stephen Jones	1996
uva.x004663744	3142405	4772	36758	The Mammoth Book of Best New Horror 13	Stephen Jones	2002
mdp.49015003322832	3142405	4773	356291	The Mammoth Book of Best New Horror 14	Stephen Jones	2003
mdp.49015003471761	3142405	4774	153519	The Mammoth Book of Best New Horror 15	Stephen Jones	2004
mdp.49015003326627	3142405	4775	171733	The Mammoth Book of Best New Horror 16	Stephen Jones	2005
mdp.49015003471753	3142405	4776	184803	The Mammoth Book of Best New Horror 17	Stephen Jones	2006
uva.x002677402	101969066	6272	3706	The Furies	Suzy McKee Charnas	1994
mdp.39015046463462	266857	7196	1021937	The Castle of Crossed Destinies	Italo Calvino	1973
mdp.39015032279591	2952652	7302	8621	Caliban's Hour	Tad Williams	1994
uc1.32106017477040	4090293	7344	848311	Nebula Awards Showcase 2008	Ben Bova	2008
uc1.32106020081029	4090293	7345	197651	Nebula Awards Showcase 2007	Mike Resnick	2007
mdp.49015002224211	4598136	7346	180732	Nebula Awards Showcase 2006	Gardner Dozois	2006
uc1.32106018380953	4090293	7346	180732	Nebula Awards Showcase 2006	Gardner Dozois	2006
mdp.39015019853921	2458367	7363	110	Dracula Unbound	Brian W. Aldiss	1991
mdp.49015002938463	4598136	7371	29797	Nebula Awards Showcase 2004	Vonda N. McIntyre	2004
uc1.32106018380979	4090293	7372	36610	Nebula Awards Showcase 2003	Nancy Kress	2003
uc1.32106014376336	4090293	7373	36464	Nebula Awards Showcase 2002	Kim Stanley Robinson	2002
mdp.39015051889015	4090293	7387	35311	Nebula Awards Showcase 2001	Robert Silverberg	2001
uc1.32106015615377	4090293	7387	35311	Nebula Awards Showcase 2001	Robert Silverberg	2001
inu.30000082321120	7593904	7388	35310	Nebula Awards Showcase 2000	Gregory Benford	2000
mdp.39015051888678	4090293	7388	35310	Nebula Awards Showcase 2000	Gregory Benford	2000
uc1.32106015465286	4090293	7388	35310	Nebula Awards Showcase 2000	Gregory Benford	2000
mdp.39015061168491	1546761	7394	35178	Nebula Awards 33	Connie Willis	1999
uc1.32106013919623	1546761	7394	35178	Nebula Awards 33	Connie Willis	1999
mdp.39015066065247	536239	7411	22662	The Invincible	Stanisław Lem	1964
mdp.39015067525447	1546761	7413	34390	Nebula Awards 31	Pamela Sargent	1997
uc1.32106013579302	1546761	7413	34390	Nebula Awards 31	Pamela Sargent	1997
mdp.39015038082213	1546761	7414	34114	Nebula Awards 30	Pamela Sargent	1996
uc1.32106013139610	1546761	7414	34114	Nebula Awards 30	Pamela Sargent	1996
uva.x002759784	1546761	7414	34114	Nebula Awards 30	Pamela Sargent	1996
mdp.39015067525454	1546761	7415	34113	Nebula Awards 29	Pamela Sargent	1995
uc1.32106011994545	1546761	7415	34113	Nebula Awards 29	Pamela Sargent	1995
uc1.32106011943096	1546761	7416	34112	Nebula Awards 28	James Morrow	1994
uc1.32106010075577	1546761	7417	34111	Nebula Awards 27	James Morrow	1993
uva.x030617519	102065099	7461	744905	Giant Lizards from Another Star	Ken MacLeod	2006
uc1.32106009631893	1546761	7466	34109	Nebula Awards 25	Michael Bishop	1991
mdp.39015019389348	1546761	7467	34108	Nebula Awards 24	Michael Bishop	1990
mdp.39076000903802	1546761	7467	34108	Nebula Awards 24	Michael Bishop	1990
uc1.32106011945232	1546761	7467	34108	Nebula Awards 24	Michael Bishop	1990
mdp.39076000903794	1546761	7468	34107	Nebula Awards 23	Michael Bishop	1989
mdp.49015002156645	4487809	7468	34107	Nebula Awards 23	Michael Bishop	1989
uc1.32106015358101	1546761	7468	34107	Nebula Awards 23	Michael Bishop	1989
mdp.39015014374733	1546761	7469	34270	Nebula Awards 22	George Zebrowski	1988
mdp.49015002156603	4487809	7469	34270	Nebula Awards 22	George Zebrowski	1988
uc1.32106008103175	1546761	7469	34270	Nebula Awards 22	George Zebrowski	1988
mdp.39015017788343	1546761	7470	34106	Nebula Awards 21	George Zebrowski	1986
mdp.39076000631726	1546761	7470	34106	Nebula Awards 21	George Zebrowski	1986
uc1.32106016748078	1546761	7470	34106	Nebula Awards 21	George Zebrowski	1986
inu.30000035592983	6838800	7493	5546	Lyon's Pride	Anne McCaffrey	1994
uc1.32106005448714	1546761	7495	34271	The Nebula Awards #19	Marta Randall	1984
pst.000012623105	1546761	7496	34087	The Nebula Awards #18	Robert Silverberg	1983
uc1.32106005390866	1546761	7496	34087	The Nebula Awards #18	Robert Silverberg	1983
mdp.39015019005373	2233324	7502	11852	Nightfall	Isaac Asimov & Robert Silverberg	1990
pst.000010343333	7055949	7503	34104	Nebula Award Stories Sixteen	John F. Carr & Jerry Pournelle	1982
uc1.32106006505306	72578	7503	34104	Nebula Award Stories Sixteen	John F. Carr & Jerry Pournelle	1982
uva.x000680226	1546761	7503	34104	Nebula Award Stories Sixteen	John F. Carr & Jerry Pournelle	1982
mdp.39015001357493	525087	7504	34220	Nebula Winners Fifteen	Frank Herbert	1981
uc1.32106005742645	525087	7504	34220	Nebula Winners Fifteen	Frank Herbert	1981
mdp.39015002648627	525087	7505	34222	Nebula Winners Fourteen	Frederik Pohl	1980
uc1.32106006214982	525087	7505	34222	Nebula Winners Fourteen	Frederik Pohl	1980
mdp.39015025318307	525087	7506	34247	Nebula Winners Thirteen	Samuel R. Delany	1980
mdp.39015000254709	525087	7507	34272	Nebula Winners Twelve	Gordon R. Dickson	1978
pst.000007408731	12268556	7507	34272	Nebula Winners Twelve	Gordon R. Dickson	1978
uc1.32106012297435	525087	7507	34272	Nebula Winners Twelve	Gordon R. Dickson	1978
mdp.39015012151489	554094	7508	34103	Nebula Award Stories 11	Ursula K. Le Guin	1976
mdp.39015028495565	554094	7508	34103	Nebula Award Stories 11	Ursula K. Le Guin	1976
mdp.39076000903778	9905483	7508	34103	Nebula Award Stories 11	Ursula K. Le Guin	1976
mdp.39015010474727	558602	7514	996687	The Great Science Fiction Stories Volume 1, 1939	Isaac Asimov & Martin H. Greenberg	1979
pst.000010465431	12268517	7517	34139	The Great Science Fiction Stories Volume 4, 1942	Isaac Asimov & Martin H. Greenberg	1980
pst.000010465318	12268517	7518	34140	The Great Science Fiction Stories Volume 5, 1943	Isaac Asimov & Martin H. Greenberg	1981
pst.000010465363	12268517	7519	25400	The Great Science Fiction Stories Volume 6, 1944	Isaac Asimov & Martin H. Greenberg	1981
pst.000010465295	12268517	7520	34142	The Great Science Fiction Stories Volume 7, 1945	Isaac Asimov & Martin H. Greenberg	1982
pst.000010465356	12268517	7521	34143	The Great Science Fiction Stories Volume 8, 1946	Isaac Asimov & Martin H. Greenberg	1982
uva.x000617420	12268517	7522	34144	The Great Science Fiction Stories Volume 9, 1947	Isaac Asimov & Martin H. Greenberg	1983
uva.x000683471	12268517	7522	34144	The Great Science Fiction Stories Volume 9, 1947	Isaac Asimov & Martin H. Greenberg	1983
pst.000010465424	12268517	7523	34145	The Great Science Fiction Stories Volume 10, 1948	Isaac Asimov & Martin H. Greenberg	1983
uva.x004176319	12268517	7523	34145	The Great Science Fiction Stories Volume 10, 1948	Isaac Asimov & Martin H. Greenberg	1983
mdp.39015042602295	558602	7524	34146	The Great Science Fiction Stories Volume 11, 1949	Isaac Asimov & Martin H. Greenberg	1984
uva.x004176318	12268517	7525	34147	The Great SF Stories 12 (1950)	Isaac Asimov & Martin H. Greenberg	1984
uva.x002683675	12268517	7526	34148	The Great SF Stories 13 (1951)	Isaac Asimov & Martin H. Greenberg	1985
pst.000014087981	12268517	7528	34150	The Great SF Stories 15 (1953)	Isaac Asimov & Martin H. Greenberg	1986
pst.000014088247	12268517	7529	34151	The Great SF Stories 16 (1954)	Isaac Asimov & Martin H. Greenberg	1987
pst.000017955126	12268517	7530	34152	The Great SF Stories 17 (1955)	Isaac Asimov & Martin H. Greenberg	1988
pst.000017955003	12268517	7531	34153	The Great SF Stories 18 (1956)	Isaac Asimov & Martin H. Greenberg	1988
pst.000018743494	12268517	7532	34154	The Great SF Stories 19 (1957)	Isaac Asimov & Martin H. Greenberg	1989
uva.x001607634	12268517	7532	34154	The Great SF Stories 19 (1957)	Isaac Asimov & Martin H. Greenberg	1989
pst.000021438325	12268517	7533	29183	The Great SF Stories 20 (1958)	Isaac Asimov & Martin H. Greenberg	1990
pst.000021441806	12268517	7534	34156	The Great SF Stories 21 (1959)	Isaac Asimov & Martin H. Greenberg	1990
pst.000020679804	7039835	7535	34157	The Great SF Stories 22 (1960)	Isaac Asimov & Martin H. Greenberg	1991
pst.000020680220	7039836	7536	34158	The Great SF Stories 23 (1961)	Isaac Asimov & Martin H. Greenberg	1991
pst.000023300064	12268517	7537	34159	The Great SF Stories 24 (1962)	Isaac Asimov & Martin H. Greenberg	1992
pst.000021914379	7067241	7538	34160	The Great SF Stories 25 (1963)	Isaac Asimov & Martin H. Greenberg	1992
pst.000023307322	12268517	7538	34160	The Great SF Stories 25 (1963)	Isaac Asimov & Martin H. Greenberg	1992
mdp.39015010246653	554094	7539	1165619	Nebula Award Stories 10	James E. Gunn	1975
mdp.39076000903760	9905483	7539	1165619	Nebula Award Stories 10	James E. Gunn	1975
mdp.39015017662696	554094	7540	34101	Nebula Award Stories 9	Kate Wilhelm	1974
mdp.39076000903752	9905483	7540	34101	Nebula Award Stories 9	Kate Wilhelm	1974
mdp.39015001357394	554094	7541	34100	Nebula Award Stories 8	Isaac Asimov	1973
mdp.39076000903745	9905483	7541	34100	Nebula Award Stories 8	Isaac Asimov	1973
pst.000029135615	554094	7541	34100	Nebula Award Stories 8	Isaac Asimov	1973
mdp.39015067525462	554094	7542	34099	Nebula Award Stories 7	Lloyd Biggle, Jr.	1972
mdp.39076000903737	9905483	7542	34099	Nebula Award Stories 7	Lloyd Biggle, Jr.	1972
uc1.b3559029	554094	7545	827288	Nebula Award Stories Four	Poul Anderson	1969
mdp.39076000903729	9905483	7546	33454	Nebula Award Stories 3	Roger Zelazny	1968
mdp.49015002939339	4593384	7547	34094	Nebula Award Stories Two	Brian W. Aldiss & Harry Harrison	1967
uva.x000883777	102070944	7692	21776	Starman's Quest	Robert Silverberg	1958
mdp.39015064884698	5263178	7831	194342	Dragon's Fire	Anne McCaffrey & Todd McCaffrey	2006
uc1.32106002023783	7123266	8394	115	Earthworks	Brian W. Aldiss	1965
osu.32435078325610	101664961	8401	33521	The Hugo Winners, Volume 4	Isaac Asimov	1985
pst.000044525644	774064	8401	33521	The Hugo Winners, Volume 4	Isaac Asimov	1985
uva.x000905101	774064	8401	33521	The Hugo Winners, Volume 4	Isaac Asimov	1985
mdp.49015000497033	4431762	8402	33522	The Hugo Winners, Volume 5:  (1980-82)	Isaac Asimov	1986
mdp.39015053239045	774064	8403	2063348	The Hugo Winners Volume One 1962-1967	Isaac Asimov	1973
mdp.39015013315810	774064	8404	2063350	The Hugo Winners Volume Two 1968-1970	Isaac Asimov	1971
inu.39000000213053	7593903	8407	33523	The New Hugo Winners	Isaac Asimov & Martin H. Greenberg	1989
mdp.39015013792240	597894	8411	34285	Spectrum	Kingsley Amis & Robert Conquest	1961
uc1.$b597184	6091769	8411	34285	Spectrum	Kingsley Amis & Robert Conquest	1961
uc1.32106006321241	6091769	8411	34285	Spectrum	Kingsley Amis & Robert Conquest	1961
uc1.$b597941	6091769	8419	34286	Spectrum II	Kingsley Amis & Robert Conquest	1962
uc1.32106006261322	6091769	8419	34286	Spectrum II	Kingsley Amis & Robert Conquest	1962
uc1.$b597942	6091769	8420	34287	Spectrum III	Kingsley Amis & Robert Conquest	1963
uc1.32106006280975	6091769	8420	34287	Spectrum III	Kingsley Amis & Robert Conquest	1963
mdp.39015013761005	597894	8425	34288	Spectrum IV	Kingsley Amis & Robert Conquest	1965
coo1.ark:/13960/t53f5b952	100769725	8450	835	The Wind in the Willows	Kenneth Grahame	1908
coo1.ark:/13960/t6d22h77b	434930	8450	835	The Wind in the Willows	Kenneth Grahame	1908
coo1.ark:/13960/t70v9299z	100769726	8450	835	The Wind in the Willows	Kenneth Grahame	1908
inu.30000042710859	7586099	8450	835	The Wind in the Willows	Kenneth Grahame	1908
inu.39000001470785	9397678	8450	835	The Wind in the Willows	Kenneth Grahame	1908
mdp.39015002978917	434939	8450	835	The Wind in the Willows	Kenneth Grahame	1908
mdp.39015008859509	434930	8450	835	The Wind in the Willows	Kenneth Grahame	1908
mdp.39015011592840	1420203	8450	835	The Wind in the Willows	Kenneth Grahame	1908
mdp.39015012155852	1420210	8450	835	The Wind in the Willows	Kenneth Grahame	1908
mdp.39015013361608	44062	8450	835	The Wind in the Willows	Kenneth Grahame	1908
mdp.39015074393052	5845114	8450	835	The Wind in the Willows	Kenneth Grahame	1908
nc01.ark:/13960/t00z87j5z	12192563	8450	835	The Wind in the Willows	Kenneth Grahame	1908
nc01.ark:/13960/t1ng5r868	12193755	8450	835	The Wind in the Willows	Kenneth Grahame	1908
nyp.33433008281192	8594858	8450	835	The Wind in the Willows	Kenneth Grahame	1908
nyp.33433074864111	434930	8450	835	The Wind in the Willows	Kenneth Grahame	1908
osu.32435015440100	434930	8450	835	The Wind in the Willows	Kenneth Grahame	1908
pst.000028266662	7061309	8450	835	The Wind in the Willows	Kenneth Grahame	1908
uc1.31210011176557	102154139	8450	835	The Wind in the Willows	Kenneth Grahame	1908
uc1.32106006290644	4299001	8450	835	The Wind in the Willows	Kenneth Grahame	1908
uc1.c042849075	100654169	8450	835	The Wind in the Willows	Kenneth Grahame	1908
uiug.30112099875178	100631468	8450	835	The Wind in the Willows	Kenneth Grahame	1908
uva.x000141793	101976974	8450	835	The Wind in the Willows	Kenneth Grahame	1908
uva.x000305287	102097853	8450	835	The Wind in the Willows	Kenneth Grahame	1908
uva.x000311790	1023753	8450	835	The Wind in the Willows	Kenneth Grahame	1908
mdp.39015034422751	2999327	8451	34514	Women of Wonder	Pamela Sargent	1975
uc1.32106007706226	16594	8451	34514	Women of Wonder	Pamela Sargent	1975
mdp.39015058131080	4358218	8460	1153947	A Box of Dreams	David Madsen	2003
mdp.39015013433753	146923	8462	34083	The Arbor House Treasury of Great Science Fiction Short Novels	Martin H. Greenberg & Robert Silverberg	1980
mdp.39015014504024	204018	8507	2396	The Avatar	Poul Anderson	1978
uc1.32106014905761	7115118	8507	2396	The Avatar	Poul Anderson	1978
inu.30000056095015	7594456	8515	34662	Orbit 3	Damon Knight	1968
mdp.39015048904380	64336	8516	34663	Orbit 4	Damon Knight	1968
uva.x000493051	7594456	8516	34663	Orbit 4	Damon Knight	1968
mdp.39015048910502	64336	8517	34664	Orbit 5	Damon Knight	1969
mdp.39015048910510	64336	8519	34666	Orbit 7	Damon Knight	1970
uc1.b3869277	6738647	8521	34668	Orbit 9	Damon Knight	1971
mdp.39015048910528	64336	8522	34669	Orbit 10	Damon Knight	1972
mdp.39015048910536	64336	8523	34670	Orbit 11	Damon Knight	1972
inu.30000056096187	7594456	8525	34672	Orbit 13	Damon Knight	1974
inu.30000056096153	7594456	8528	34675	Orbit 16	Damon Knight	1975
inu.32000007535281	7594456	8531	34678	Orbit 19	Damon Knight	1977
mdp.39015020750843	567888	8598	37402	You Will Never Be The Same	Cordwainer Smith	1963
osu.32435059725572	100825193	8598	37402	You Will Never Be The Same	Cordwainer Smith	1963
mdp.39015008543244	74145	8599	33531	World's Best Science Fiction: 1969	Terry Carr & Donald A. Wollheim	1969
mdp.49015001285759	4511696	8600	33462	Full Spectrum	Lou Aronica & Shawna McCarthy	1988
uva.x000893335	74145	8605	33530	World's Best Science Fiction:  1968	Terry Carr & Donald A. Wollheim	1968
mdp.39015066139208	74145	8606	33532	World's Best Science Fiction:  1970	Terry Carr & Donald A. Wollheim	1970
mdp.39015030945789	783462	8622	28348	Earthman's Burden	Poul Anderson & Gordon R. Dickson	1957
mdp.39015018610652	72245	8638	33534	The 1972 Annual World's Best SF	Arthur W. Saha & Donald A. Wollheim	1972
uc1.32106005515553	72245	8638	33534	The 1972 Annual World's Best SF	Arthur W. Saha & Donald A. Wollheim	1972
uc1.b3472990	5835851	8638	33534	The 1972 Annual World's Best SF	Arthur W. Saha & Donald A. Wollheim	1972
mdp.39015018610645	72245	8639	33535	The 1973 Annual World's Best SF	Arthur W. Saha & Donald A. Wollheim	1973
uc1.b3536480	10118244	8639	33535	The 1973 Annual World's Best SF	Arthur W. Saha & Donald A. Wollheim	1973
uc1.32106014312422	72245	8640	33536	The 1974 Annual World's Best SF	Arthur W. Saha & Donald A. Wollheim	1974
uc1.32106008004274	72245	8642	33537	The 1975 Annual World's Best SF	Arthur W. Saha & Donald A. Wollheim	1975
pst.000013417284	72245	8645	33538	The 1976 Annual World's Best SF	Arthur W. Saha & Donald A. Wollheim	1976
uc1.b3472991	10116583	8645	33538	The 1976 Annual World's Best SF	Arthur W. Saha & Donald A. Wollheim	1976
uc1.32106007145755	7118775	8664	37747	Is That What People Do?	Robert Sheckley	1984
mdp.39015018602881	72245	8671	33540	The 1978 Annual World's Best SF	Arthur W. Saha & Donald A. Wollheim	1978
pst.000013417307	72245	8671	33540	The 1978 Annual World's Best SF	Arthur W. Saha & Donald A. Wollheim	1978
mdp.39015018602899	72245	8675	33544	The 1982 Annual World's Best SF	Arthur W. Saha & Donald A. Wollheim	1982
mdp.39015011812248	72245	8676	33545	The 1983 Annual World's Best SF	Arthur W. Saha & Donald A. Wollheim	1983
mdp.39015011809681	72245	8677	33546	The 1984 Annual World's Best SF	Arthur W. Saha & Donald A. Wollheim	1984
mdp.39015020633841	72245	8682	33547	The 1985 Annual World's Best SF	Arthur W. Saha & Donald A. Wollheim	1985
mdp.39015020633221	72245	8683	33548	The 1986 Annual World's Best SF	Arthur W. Saha & Donald A. Wollheim	1986
mdp.39015020633239	72245	8684	33549	The 1987 Annual World's Best SF	Arthur W. Saha & Donald A. Wollheim	1987
mdp.39015020633346	72245	8686	33551	The 1989 Annual World's Best SF	Arthur W. Saha & Donald A. Wollheim	1989
pst.000023270183	12276293	9393	1714	Entoverse	James P. Hogan	1991
pst.000050468270	12269067	9395	1128995	The Road to Science Fiction: From Gilgamesh to Wells	James E. Gunn	1977
mdp.49015000988593	4481558	9396	34617	The Road to Science Fiction 2: From Wells to Heinlein	James E. Gunn	1979
pst.000050047697	12269067	9396	34617	The Road to Science Fiction 2: From Wells to Heinlein	James E. Gunn	1979
mdp.49015002156868	4481558	9397	1128997	The Road to Science Fiction 3: From Heinlein to Here	James E. Gunn	1979
pst.000050047673	12269067	9397	1128997	The Road to Science Fiction 3: From Heinlein to Here	James E. Gunn	1979
uc1.b4973185	9502252	9410	1814	Hardwired	Walter Jon Williams	1986
mdp.39015012917210	123728	9967	6636	The Sodom and Gomorrah Business	Barry N. Malzberg	1974
mdp.49015002669266	4567735	10006	34632	Bending the Landscape: Fantasy	Nicola Griffith & Stephen Pagel	1997
mdp.49015002473123	4570938	10007	34633	Bending the Landscape: Science Fiction	Nicola Griffith & Stephen Pagel	1998
uc1.32106007711614	7105016	10101	442	Orion	Ben Bova	1984
hvd.32044024147936	9790448	10126	1399116	The Grey Fairy Book	Andrew Lang	1900
uva.x002453551	9790448	10126	1399116	The Grey Fairy Book	Andrew Lang	1900
mdp.39015010698648	2239325	10127	1399109	The Violet Fairy Book	Andrew Lang	1901
msu.31293103890285	100879798	10127	1399109	The Violet Fairy Book	Andrew Lang	1901
nyp.33433081583886	8587963	10127	1399109	The Violet Fairy Book	Andrew Lang	1901
uc1.31822005310339	100879798	10127	1399109	The Violet Fairy Book	Andrew Lang	1901
wu.89007383607	11986204	10127	1399109	The Violet Fairy Book	Andrew Lang	1901
hvd.32044019397546	1880307	10128	1399110	The Crimson Fairy Book	Andrew Lang	1903
mdp.39015013400976	1880307	10128	1399110	The Crimson Fairy Book	Andrew Lang	1903
mdp.39015080461083	6779065	10128	1399110	The Crimson Fairy Book	Andrew Lang	1903
uiug.30112046491160	100857400	10128	1399110	The Crimson Fairy Book	Andrew Lang	1903
hvd.32044022664007	8622379	10129	1399111	The Brown Fairy Book	Andrew Lang	1904
nyp.33433081613600	8622379	10129	1399111	The Brown Fairy Book	Andrew Lang	1904
uc1.b4393692	9513261	10129	1399111	The Brown Fairy Book	Andrew Lang	1904
uc1.b4663549	11158255	10129	1399111	The Brown Fairy Book	Andrew Lang	1904
uc2.ark:/13960/t6ww7mw9k	11158255	10129	1399111	The Brown Fairy Book	Andrew Lang	1904
nyp.33433068197957	1276181	10130	1399112	The Orange Fairy Book	Andrew Lang	1906
hvd.32044024056178	1276182	10131	1399113	The Olive Fairy Book	Andrew Lang	1907
mdp.39015014538394	234656	10131	1399113	The Olive Fairy Book	Andrew Lang	1907
mdp.39015054036796	1276182	10131	1399113	The Olive Fairy Book	Andrew Lang	1907
mdp.39015056194593	735181	10232	15382	Still Life With Woodpecker	Tom Robbins	1980
mdp.39015031213500	405276	10261	3300	Born Under Mars	John Brunner	1967
mdp.39015063169794	5209900	10270	33934	Grails: Quests of the Dawn	Richard Gilliam & Martin H. Greenberg & Edward E. Kramer	1994
mdp.39015014742574	785353	10329	30345	Riverworld and Other Stories	Philip José Farmer	1979
mdp.39015019059081	785353	10329	30345	Riverworld and Other Stories	Philip José Farmer	1979
mdp.49015000679861	4450247	10329	30345	Riverworld and Other Stories	Philip José Farmer	1979
mdp.39015037861179	3030726	10332	33687	Tombs	Peter Crowther & Edward E. Kramer	1995
mdp.39015040692264	3148005	10402	7438	Paris in the Twentieth Century	Jules Verne	1994
uc1.b4281600	3148005	10402	7438	Paris in the Twentieth Century	Jules Verne	1994
mdp.39015030946407	661519	10468	1819361	Lieut. Gullivar Jones: His Vacation	Edwin L. Arnold	1905
umn.31951001996554n	12348126	10468	1819361	Lieut. Gullivar Jones: His Vacation	Edwin L. Arnold	1905
mdp.39015017684377	716159	10471	996674	The Science Fictional Solar System	Isaac Asimov & Martin H. Greenberg & Charles G. Waugh	1979
mdp.39015005386688	1774141	10840	1756049	Kappa	Ryunosuke Akutagawa	1927
mdp.39015005386712	1184824	10840	1756049	Kappa	Ryunosuke Akutagawa	1927
mdp.39015023990545	1774140	10840	1756049	Kappa	Ryunosuke Akutagawa	1927
uc1.32106014889452	1184824	10840	1756049	Kappa	Ryunosuke Akutagawa	1927
uva.x000490417	1184824	10840	1756049	Kappa	Ryunosuke Akutagawa	1927
mdp.39015060569772	5026684	10942	34311	Tales of the Lovecraft Mythos	Robert M. Price	1992
mdp.39015073820857	6778168	10947	33384	Cthulhu 2000	Jim Turner	1995
mdp.39015058224885	3894981	11092	2239809	Codex	Lev Grossman	2004
uva.x000195190	101866143	11173	2532	Lord of Thunder	Andre Norton	1962
mdp.39015015387866	22720	11423	38617	The Horror on the Asteroid and Other Tales of Planetary Horror	Edmond Hamilton	1936
uc1.32106009995454	7109187	12019	21596	A Tale of the Wind	Kay Nolte Smith	1991
mdp.39015016945860	1841297	12094	2106	Gypsies	Robert Charles Wilson	1989
mdp.39015073911961	5690526	12200	174577	Mordred, Bastard Son	Douglas Clegg	2006
mdp.39015040665203	3133737	12205	35425	Sons of Darkness	Thomas S. Roche & Michael Rowe	1996
mdp.39015056504213	3843832	12206	35428	Queer Fear	Michael Rowe	2000
mdp.39015070756112	5618971	12221	873794	The Man in the Picture	Susan Hill	2007
mdp.49015000496233	4431684	12227	33455	Dragons of Darkness	Orson Scott Card	1981
mdp.39015061376169	4765142	12264	8833	The Living One	Lewis Gannett	1993
coo1.ark:/13960/t09w10k2h	100763692	12304	992623	Zuleika Dobson	Max Beerbohm	1911
coo1.ark:/13960/t3rv1434c	100763691	12304	992623	Zuleika Dobson	Max Beerbohm	1911
dul1.ark:/13960/t3qv8rv03	102130177	12304	992623	Zuleika Dobson	Max Beerbohm	1911
hvd.hnlmns	7685613	12304	992623	Zuleika Dobson	Max Beerbohm	1911
inu.30000010406274	6059018	12304	992623	Zuleika Dobson	Max Beerbohm	1911
inu.32000009176241	6059017	12304	992623	Zuleika Dobson	Max Beerbohm	1911
mdp.39015005729499	429823	12304	992623	Zuleika Dobson	Max Beerbohm	1911
mdp.39015007054987	425170	12304	992623	Zuleika Dobson	Max Beerbohm	1911
mdp.39015010718313	429826	12304	992623	Zuleika Dobson	Max Beerbohm	1911
mdp.39015046482009	4013065	12304	992623	Zuleika Dobson	Max Beerbohm	1911
mdp.39015051324211	429823	12304	992623	Zuleika Dobson	Max Beerbohm	1911
mdp.39076005031724	6754242	12304	992623	Zuleika Dobson	Max Beerbohm	1911
osu.32435006658900	100763691	12304	992623	Zuleika Dobson	Max Beerbohm	1911
pst.000001203622	100121711	12304	992623	Zuleika Dobson	Max Beerbohm	1911
uc1.31175000675481	100143019	12304	992623	Zuleika Dobson	Max Beerbohm	1911
uc1.31822022069603	100763692	12304	992623	Zuleika Dobson	Max Beerbohm	1911
uc1.b3927808	6754242	12304	992623	Zuleika Dobson	Max Beerbohm	1911
uc1.b4097400	429823	12304	992623	Zuleika Dobson	Max Beerbohm	1911
uc1.b4101295	429823	12304	992623	Zuleika Dobson	Max Beerbohm	1911
uc1.b4690099	11158846	12304	992623	Zuleika Dobson	Max Beerbohm	1911
uc2.ark:/13960/t10p12n34	7685613	12304	992623	Zuleika Dobson	Max Beerbohm	1911
uc2.ark:/13960/t55d91m2q	7707791	12304	992623	Zuleika Dobson	Max Beerbohm	1911
umn.31951001218219g	100952210	12304	992623	Zuleika Dobson	Max Beerbohm	1911
uva.x000084100	101984981	12304	992623	Zuleika Dobson	Max Beerbohm	1911
uva.x000237904	429823	12304	992623	Zuleika Dobson	Max Beerbohm	1911
mdp.39015014829421	171867	12310	33862	New Voices in Science Fiction	George R. R. Martin	1977
pst.000007408779	12268555	12310	33862	New Voices in Science Fiction	George R. R. Martin	1977
pst.000007408977	7039832	12312	33864	New Voices III	George R. R. Martin	1980
pst.000017775953	7043166	12896	8969	The Male Response	Brian W. Aldiss	1961
pst.000021918254	12279136	13017	37291	Kinship with the Stars	Poul Anderson	1991
uc1.$b326493	6549208	13281	11097	Lavender-Green Magic	Andre Norton	1974
mdp.39015069174467	5566714	13302	1191133	The Ithaqua Cycle	Robert M. Price	1998
mdp.39015069971417	5639071	13303	1113367	The Antarktos Cycle	Robert M. Price	1999
mdp.39015049614954	5583436	13304	35125	Tales Out of Innsmouth	Robert M. Price	1999
mdp.39015064791315	5273465	13305	35174	The Book of Eibon	Robert M. Price	2002
mdp.39015073818950	5929357	13373	660073	The Strange Cases of Rudolph Pearson: Horriplicating Tales of the Cthulhu Mythos	William Jones	2008
mdp.39015064795936	5281620	13376	35086	Singers of Strange Songs: A Celebration of Brian Lumley	Scott David Aniolowski	1997
mdp.39015061470384	4993220	13390	554829	The Shub-Niggurath Cycle	Robert M. Price	1994
mdp.39015069971367	5633798	13391	554749	The Azathoth Cycle	Robert M. Price	1995
mdp.39015064805859	5289077	13392	1186043	The Dunwich Cycle	Robert M. Price	1995
mdp.39015018528243	2170890	13668	3741	Wolf and Iron	Gordon R. Dickson	1990
inu.30000036457657	7588007	13940	7896	The Year Before Yesterday	Brian W. Aldiss	1987
mdp.39015054507150	1438803	13956	36367	View From Another Shore	Franz Rottensteiner	1973
mdp.39015059189640	4930903	13962	156126	The Thackery T. Lambshead Pocket Guide to Eccentric & Discredited Diseases	Mark Roberts & Jeff VanderMeer	2003
mdp.49015001312025	4514385	14061	847144	The Hemingway Hoax	Joe Haldeman	1990
pst.000022188977	2183062	14061	847144	The Hemingway Hoax	Joe Haldeman	1990
mdp.39015081738638	6816092	15287	176808	Sin's Doorway and Other Ominous Entrances	Manly Wade Wellman	2003
pst.000007546600	12268569	15306	1276299	Asimov's Choice: Extraterrestrials & Eclipses	George H. Scithers	1978
uc1.b3515410	528028	15309	35608	The Best Science Fiction Stories: 1949	Everett F. Bleiler & T. E. Dikty	1949
mdp.39015042013246	528028	15310	35609	The Best Science Fiction Stories: 1950	Everett F. Bleiler & T. E. Dikty	1950
mdp.39015066296693	528028	15311	35610	The Best Science Fiction Stories: 1951	Everett F. Bleiler & T. E. Dikty	1951
mdp.39015066296834	528028	15312	35611	The Best Science Fiction Stories: 1952	Everett F. Bleiler & T. E. Dikty	1952
uc1.b3515413	528028	15312	35611	The Best Science Fiction Stories: 1952	Everett F. Bleiler & T. E. Dikty	1952
mdp.39015009318612	528028	15313	35612	The Best Science Fiction Stories: 1953	Everett F. Bleiler & T. E. Dikty	1953
uc1.b3515414	528028	15313	35612	The Best Science Fiction Stories: 1953	Everett F. Bleiler & T. E. Dikty	1953
mdp.39015066296537	528028	15314	35613	The Best Science Fiction Stories: 1954	Everett F. Bleiler & T. E. Dikty	1954
uc1.b3515415	528028	15314	35613	The Best Science Fiction Stories: 1954	Everett F. Bleiler & T. E. Dikty	1954
uc1.32106019361531	7149329	15316	35697	Year's Best Science Fiction Novels: 1953	Everett F. Bleiler & T. E. Dikty	1953
mdp.39015042852783	528028	15318	34181	The Best Science Fiction Stories and Novels: 1955	T. E. Dikty	1955
mdp.49015000663758	528028	15319	34182	The Best Science Fiction Stories and Novels: 1956	T. E. Dikty	1956
mdp.39015080874483	6835050	15375	967941	Overthrowing Heaven	Mark L. Van Name	2009
mdp.39015011256685	841829	15478	25733	The Best from Fantasy and Science Fiction: A Special 25th Anniversary Anthology	Edward L. Ferman	1974
mdp.39015056814455	3849956	15480	36296	A Decade of Fantasy and Science Fiction	Robert P. Mills	1960
mdp.39015049661807	4137765	16132	36528	Whispers from the Cotton Tree Root: Caribbean Fabulist Fiction	Nalo Hopkinson	2000
txu.059173008030655	4137765	16132	36528	Whispers from the Cotton Tree Root: Caribbean Fabulist Fiction	Nalo Hopkinson	2000
mdp.49015001387621	4522605	16257	33465	Full Spectrum 4	Lou Aronica & Betsy Mitchell & Amy Stout	1993
uc1.b4282199	6210471	16337	34278	The Oxford Book of Science Fiction Stories	Tom Shippey	1992
mdp.39015054073187	726148	16372	34084	The Arbor House Treasury of Modern Science Fiction	Martin H. Greenberg & Robert Silverberg	1980
inu.39000005519074	407734	16427	33793	Windigo: An Anthology of Fact and Fantastic Fiction	John Robert Colombo	1982
mdp.39015009301329	407734	16427	33793	Windigo: An Anthology of Fact and Fantastic Fiction	John Robert Colombo	1982
mdp.39015032938105	2817281	16442	N/A	Magical Realist Fiction:  An Anthology	Keith Hollaman & David Young	1984
pst.000000526876	7025303	17466	822137	The Haunted Looking Glass: Ghost Stories	Edward Gorey	1959
uc1.b4553766	9503521	17697	33564	Universe 11	Terry Carr	1981
mdp.39015018467913	2172238	17702	33504	Alien Sex	Ellen Datlow	1990
mdp.39015056814190	4314395	17721	305561	McSweeney's Mammoth Treasury of Thrilling Tales	Michael Chabon	2003
mdp.39015040542139	3945345	17754	34320	Black Swan, White Raven	Ellen Datlow & Terri Windling	1997
mdp.39015032277991	2952360	17756	33625	Black Thorn, White Rose	Ellen Datlow & Terri Windling	1994
mdp.39015006601671	918484	18004	33424	Hitler Victorious	Gregory Benford & Martin H. Greenberg	1986
mdp.39015062420362	5093582	18044	33705	More Wandering Stars	Jack Dann	1981
mdp.39015018594153	553380	18055	33505	S-F: The Year's Greatest Science-Fiction and Fantasy	Judith Merril	1956
osu.32435059323550	100825170	18055	33505	S-F: The Year's Greatest Science-Fiction and Fantasy	Judith Merril	1956
mdp.39015014522083	553380	18056	2077258	SF: The Year's Greatest Science-Fiction and Fantasy Second Annual Volume	Judith Merril	1957
osu.32435059729889	8/7/2021	18056	2077258	SF: The Year's Greatest Science-Fiction and Fantasy Second Annual Volume	Judith Merril	1957
uva.x000455274	553381	18056	2077258	SF: The Year's Greatest Science-Fiction and Fantasy Second Annual Volume	Judith Merril	1957
osu.32435059728998	101672998	18057	1675500	SF: The Year's Greatest Science-Fiction and Fantasy Third Annual Volume	Judith Merril	1958
uc1.b3477089	7854008	18057	1675500	SF: The Year's Greatest Science-Fiction and Fantasy Third Annual Volume	Judith Merril	1958
uva.x002691380	553381	18058	2077290	SF: The Year's Greatest Science-Fiction and Fantasy Fourth Annual Volume	Judith Merril	1959
uva.x030572570	553381	18059	33509	The 5th Annual of the Year's Best S-F	Judith Merril	1960
inu.32000002635524	7593537	18060	33510	The 6th Annual of the Year's Best S-F	Judith Merril	1961
osu.32435062274303	101673102	18060	33510	The 6th Annual of the Year's Best S-F	Judith Merril	1961
uva.x000458106	553381	18060	33510	The 6th Annual of the Year's Best S-F	Judith Merril	1961
uva.x030572571	553381	18061	33511	The 7th Annual of the Year's Best S-F	Judith Merril	1962
osu.32435059729830	101673009	18062	33512	The 8th Annual of the Year's Best S-F	Judith Merril	1963
uva.x000445198	553381	18062	33512	The 8th Annual of the Year's Best S-F	Judith Merril	1963
mdp.39015066195598	553380	18063	33514	10th Annual Edition: The Year's Best S-F	Judith Merril	1965
uc1.32106005874281	8323382	18063	33514	10th Annual Edition: The Year's Best S-F	Judith Merril	1965
uc1.b3477091	7854008	18063	33514	10th Annual Edition: The Year's Best S-F	Judith Merril	1965
uva.x000494077	553381	18063	33514	10th Annual Edition: The Year's Best S-F	Judith Merril	1965
uc1.b3189448	7926954	18064	33515	11th Annual Edition: The Year's Best S-F	Judith Merril	1966
uc1.b3477092	7854008	18064	33515	11th Annual Edition: The Year's Best S-F	Judith Merril	1966
mdp.39015046427285	553381	18065	33516	SF 12	Judith Merril	1968
pst.000030294134	7593537	18065	33516	SF 12	Judith Merril	1968
uva.x000474548	553381	18065	33516	SF 12	Judith Merril	1968
mdp.39015008724802	1370387	18066	33517	SF: The Best of the Best	Judith Merril	1967
pst.000030294127	7593537	18066	33517	SF: The Best of the Best	Judith Merril	1967
ppt.ssfcbz201808000035	102699472	18070	34119	Best Science Fiction Stories of the Year	Lester del Rey	1972
uc1.32106006104274	521585	18070	34119	Best Science Fiction Stories of the Year	Lester del Rey	1972
uc1.32106005760076	521585	18075	34122	Best Science Fiction Stories of the Year: Fourth Annual Collection	Lester del Rey	1975
uc1.32106006104282	521585	18075	34122	Best Science Fiction Stories of the Year: Fourth Annual Collection	Lester del Rey	1975
ppt.ssfcbz201808000034	102699472	18076	34123	Best Science Fiction Stories of the Year: Fifth Annual Collection	Lester del Rey	1976
uc1.32106006090119	521585	18076	34123	Best Science Fiction Stories of the Year: Fifth Annual Collection	Lester del Rey	1976
uc1.32106006287376	521585	18079	33439	Best Science Fiction Stories of the Year: Eighth Annual Collection	Gardner Dozois	1979
uc1.32106006354085	521585	18080	33438	Best Science Fiction Stories of the Year: Ninth Annual Collection	Gardner Dozois	1980
uc1.32106014140187	521585	18081	33437	Best Science Fiction Stories of the Year: Tenth Annual Collection	Gardner Dozois	1981
mdp.39015014110103	547588	18092	34456	New Dimensions 1	Robert Silverberg	1971
osu.32435055414361	100824806	18092	34456	New Dimensions 1	Robert Silverberg	1971
mdp.39015014110095	547588	18094	34458	New Dimensions 3	Robert Silverberg	1973
uva.x030375067	102058181	18095	34459	New Dimensions IV	Robert Silverberg	1974
uc1.32106006104993	7119308	18096	34460	New Dimensions Science Fiction Number 5	Robert Silverberg	1975
inu.30000128174871	547588	18097	34461	New Dimensions Science Fiction Number 6	Robert Silverberg	1976
uc1.32106006125899	7119308	18101	34465	New Dimensions Science Fiction Number 10	Robert Silverberg	1980
pst.000007408526	12268551	18102	34466	New Dimensions 11	Marta Randall & Robert Silverberg	1980
pst.000007408571	12268551	18103	34467	New Dimensions 12	Marta Randall & Robert Silverberg	1981
uva.x030444571	520466	18108	36235	Best SF: 1967	Brian W. Aldiss & Harry Harrison	1968
uc1.b3473021	6662078	18109	36236	Best SF: 1968	Brian W. Aldiss & Harry Harrison	1969
uva.x000673048	520466	18111	36237	Best SF: 1969	Brian W. Aldiss & Harry Harrison	1970
uva.x000536886	520466	18112	35541	Best SF: 1970	Brian W. Aldiss & Harry Harrison	1971
mdp.39015008662218	520466	18114	35542	Best SF: 1971	Brian W. Aldiss & Harry Harrison	1972
uva.x000672888	520466	18115	35543	Best SF: 1972	Brian W. Aldiss & Harry Harrison	1973
mdp.39015018622020	598684	18117	36238	Best SF: 1973	Brian W. Aldiss & Harry Harrison	1974
uva.x000536869	520466	18117	36238	Best SF: 1973	Brian W. Aldiss & Harry Harrison	1974
uva.x030444572	520466	18118	36239	Best SF: 1974	Brian W. Aldiss & Harry Harrison	1975
mdp.39015018622038	598684	18119	36240	Best SF: 75, The Ninth Annual	Brian W. Aldiss & Harry Harrison	1976
uva.x030444573	520466	18119	36240	Best SF: 75, The Ninth Annual	Brian W. Aldiss & Harry Harrison	1976
pst.000007363610	12268552	18124	33555	Universe 2	Terry Carr	1972
mdp.39015005867893	1020663	18125	33556	Universe 3	Terry Carr	1973
mdp.39015013970796	10438	18126	33557	Universe 4	Terry Carr	1974
pst.000029200368	9810307	18129	33560	Universe 7	Terry Carr	1977
mdp.39015014113222	92379	18130	33561	Universe 8	Terry Carr	1978
pst.000006571467	12268553	18130	33561	Universe 8	Terry Carr	1978
uc1.b3884455	7882791	18131	33562	Universe 9	Terry Carr	1979
mdp.39015052395954	3517125	18132	33563	Universe 10	Terry Carr	1980
uc1.b3870843	3517125	18132	33563	Universe 10	Terry Carr	1980
uc1.b3884458	7882794	18133	32746	Universe 13	Terry Carr	1983
uc1.b3884460	7882795	18134	32747	Universe 14	Terry Carr	1984
mdp.39015001418022	1026924	18144	34587	Epoch	Roger Elwood & Robert Silverberg	1975
mdp.39076005205393	9905688	18147	34184	The Best from Fantasy and Science Fiction	Anthony Boucher & J. Francis McComas	1952
uc1.b3477050	7141832	18147	34184	The Best from Fantasy and Science Fiction	Anthony Boucher & J. Francis McComas	1952
uc1.32106005747859	7141832	18148	34186	The Best from Fantasy and Science Fiction, Third Series	Anthony Boucher & J. Francis McComas	1954
uva.x030444574	7141832	18148	34186	The Best from Fantasy and Science Fiction, Third Series	Anthony Boucher & J. Francis McComas	1954
uc1.32106005732208	7141832	18149	34187	The Best from Fantasy and Science Fiction, Fourth Series	Anthony Boucher	1955
uva.x002138455	7141832	18149	34187	The Best from Fantasy and Science Fiction, Fourth Series	Anthony Boucher	1955
uc1.32106005746380	7141832	18150	34188	The Best from Fantasy and Science Fiction, Fifth Series	Anthony Boucher	1956
uva.x030444575	7141832	18150	34188	The Best from Fantasy and Science Fiction, Fifth Series	Anthony Boucher	1956
uva.x030444576	7141832	18151	34189	The Best from Fantasy and Science Fiction, Sixth Series	Anthony Boucher	1957
uc1.b3477051	7141832	18152	34190	The Best from Fantasy and Science Fiction, Seventh Series	Anthony Boucher	1958
uva.x030444577	7141832	18152	34190	The Best from Fantasy and Science Fiction, Seventh Series	Anthony Boucher	1958
uva.x002313408	7141832	18153	34191	The Best from Fantasy and Science Fiction, Eighth Series	Anthony Boucher	1959
uc1.b3477052	7141832	18154	34192	The Best from Fantasy and Science Fiction: Ninth Series	Robert P. Mills	1960
uva.x030444578	7141832	18154	34192	The Best from Fantasy and Science Fiction: Ninth Series	Robert P. Mills	1960
uc1.b3477053	7141832	18157	34195	The Best from Fantasy and Science Fiction, Twelfth Series	Avram Davidson	1963
uva.x004840863	7141832	18157	34195	The Best from Fantasy and Science Fiction, Twelfth Series	Avram Davidson	1963
uva.x000536888	7141832	18158	34196	The Best from Fantasy and Science Fiction, Thirteenth Series	Avram Davidson	1964
uva.x001181423	7141832	18159	34197	The Best from Fantasy and Science Fiction, Fourteenth Series	Avram Davidson	1965
mdp.39015028685199	1903185	18173	35532	The Alien Condition	Stephen Goldin	1973
mdp.39015024075619	549641	18177	34199	The Best from Fantasy and Science Fiction: Sixteenth Series	Edward L. Ferman	1967
uc1.b3477054	7141832	18177	34199	The Best from Fantasy and Science Fiction: Sixteenth Series	Edward L. Ferman	1967
uc1.b3477055	7141832	18178	34200	The Best from Fantasy and Science Fiction: Seventeenth Series	Edward L. Ferman	1968
uva.x030444579	7141832	18180	34202	The Best from Fantasy and Science Fiction: Nineteenth Series	Edward L. Ferman	1971
uva.x030444580	7141832	18181	34203	The Best from Fantasy and Science Fiction: 20th Series	Edward L. Ferman	1973
pst.000011554981	7141832	18182	34205	The Best from Fantasy and Science Fiction: 22nd Series	Edward L. Ferman	1977
pst.000008376572	7141832	18184	34207	The Best from Fantasy and Science Fiction: 24th Series	Edward L. Ferman	1982
mdp.39015029412296	322907	18207	36318	Best SF Stories from New Worlds II	Michael Moorcock	1968
ppt.ssfcbz201808000052	520304	18234	34167	The Best Science Fiction of the Year #2	Terry Carr	1973
ppt.ssfcbz201808000054	520304	18252	34169	The Best Science Fiction of the Year #4	Terry Carr	1975
mdp.39015017692057	520304	18253	26606	The Best Science Fiction of the Year #5	Terry Carr	1976
mdp.39015005866085	520304	18255	34172	The Best Science Fiction of the Year #7	Terry Carr	1978
mdp.39015005861920	520304	18257	34174	The Best Science Fiction of the Year #9	Terry Carr	1980
ppt.ssfcbz201808000056	520304	18257	34174	The Best Science Fiction of the Year #9	Terry Carr	1980
pst.000007889394	520304	18258	34175	The Best Science Fiction of the Year #10	Terry Carr	1981
pst.000008998415	520304	18259	34176	The Best Science Fiction of the Year #11	Terry Carr	1982
pst.000009451070	520304	18260	34177	The Best Science Fiction of the Year #12	Terry Carr	1983
inu.39000013074021	520304	18262	34179	Best SF of the Year #14	Terry Carr	1985
pst.000012148042	12269365	18262	34179	Best SF of the Year #14	Terry Carr	1985
pst.000012644568	12269365	18263	31146	Best SF of the Year #15	Terry Carr	1986
uva.x030797368	102080428	18276	35054	Galaxy Reader of Science Fiction	H. L. Gold	1952
uva.x030797364	102080428	18277	36175	The Second Galaxy Reader of Science Fiction	H. L. Gold	1954
uva.x000376330	102080428	18278	36176	The Third Galaxy Reader	H. L. Gold	1958
uva.x030797361	102080428	18279	35055	The Fourth Galaxy Reader	H. L. Gold	1959
uc1.32106006364613	7119250	18280	36177	The Fifth Galaxy Reader	H. L. Gold	1961
uva.x030797362	102080428	18280	36177	The Fifth Galaxy Reader	H. L. Gold	1961
uva.x030797367	102080428	18281	36178	The Sixth Galaxy Reader	H. L. Gold	1962
uva.x030797365	102080428	18282	35057	The Eighth Galaxy Reader	Frederik Pohl	1965
mdp.39015013430304	906202	18283	35058	The Ninth Galaxy Reader	Frederik Pohl	1966
uva.x030797366	102080428	18283	35058	The Ninth Galaxy Reader	Frederik Pohl	1966
uva.x030797358	102080428	18284	35059	The Tenth Galaxy Reader	Frederik Pohl	1967
uva.x030797363	102080428	18285	35060	The Eleventh Galaxy Reader	Frederik Pohl	1969
mdp.39015003488528	702035	18286	34221	Galaxy: Thirty Years of Innovative Science Fiction	Martin H. Greenberg & Joseph D. Olander & Frederik Pohl	1980
pst.000030639546	7053099	18294	34650	A Century of Science Fiction	Damon Knight	1962
osu.32435059662239	101672938	18295	34227	The Big Book of Science Fiction	Groff Conklin	1950
mdp.39015014165461	1441726	18296	34607	A Treasury of Science Fiction	Groff Conklin	1948
pst.000021912436	7067263	18296	34607	A Treasury of Science Fiction	Groff Conklin	1948
uc1.32106011088132	1441726	18296	34607	A Treasury of Science Fiction	Groff Conklin	1948
pst.000012752874	6820628	18304	31874	The Magic May Return	Larry Niven	1981
pst.000011241850	12265504	18305	35463	More Magic	Larry Niven	1984
pst.000022746979	12263678	18320	606241	The Legend Book of Science Fiction	Gardner Dozois	1991
pst.000012384754	7039884	18323	1052151	The Science Fiction Hall of Fame, Volume III	Arthur C. Clarke & Geo W. Proctor	1981
pst.000012769308	7039884	18324	33477	The Science Fiction Hall of Fame, Volume IV	Terry Carr	1986
mdp.39015019938284	1020664	18352	34218	A Science Fiction Argosy	Damon Knight	1972
mdp.39015030128220	1020662	18354	34866	Astounding: John W. Campbell Memorial Anthology	Harry Harrison	1973
mdp.39015014285004	7141832	18369	34612	A Treasury of Great Science Fiction, Volume One	Anthony Boucher	1959
mdp.39076005189357	7141832	18369	34612	A Treasury of Great Science Fiction, Volume One	Anthony Boucher	1959
uc1.b3287417	7141832	18369	34612	A Treasury of Great Science Fiction, Volume One	Anthony Boucher	1959
umn.31951001200596w	7141832	18369	34612	A Treasury of Great Science Fiction, Volume One	Anthony Boucher	1959
mdp.39015014285384	7141832	18370	34613	A Treasury of Great Science Fiction, Volume Two	Anthony Boucher	1959
uc1.b3287418	7141832	18370	34613	A Treasury of Great Science Fiction, Volume Two	Anthony Boucher	1959
umn.31951001200597u	7141832	18370	34613	A Treasury of Great Science Fiction, Volume Two	Anthony Boucher	1959
mdp.39015014762275	1441743	18371	26931	Wandering Stars	Jack Dann	1974
mdp.39015001612939	33795	18390	34455	The New Atlantis and Other Novellas of Science Fiction	Robert Silverberg	1975
uc1.b4354419	6838430	18391	34761	Threads of Time	Robert Silverberg	1974
mdp.39015001451049	15531	18392	34868	Final Stage	Edward L. Ferman & Barry N. Malzberg	1974
uc1.b3870202	15531	18392	34868	Final Stage	Edward L. Ferman & Barry N. Malzberg	1974
mdp.39015064131595	4313397	18556	36492	The Green Man: Tales from the Mythic Forest	Ellen Datlow & Terri Windling	2002
mdp.39015001455750	101391	18817	35668	Speculations	Isaac Asimov & Alice Laurance	1982
uc1.b3472989	101391	18817	35668	Speculations	Isaac Asimov & Alice Laurance	1982
mdp.39015005885283	755977	19133	996684	Neglected Visions	Martin H. Greenberg & Barry N. Malzberg & Joseph D. Olander	1979
mdp.39015030931383	1464055	19248	34780	Chains of the Sea	Robert Silverberg	1973
uc1.32106006577115	7117667	19626	33707	Future Power	Jack Dann & Gardner Dozois	1976
mdp.39015060579227	5031053	19630	35893	The Man in the Moone and Other Lunar Fantasies	T. Allan Comp & Faith K. Pizor	1971
uc1.$b802681	5031053	19630	35893	The Man in the Moone and Other Lunar Fantasies	T. Allan Comp & Faith K. Pizor	1971
mdp.49015003147445	5542654	19836	179715	Futureshocks	Lou Anders	2006
uc1.b3870850	7881805	19917	34808	The Year's Finest Fantasy Volume 2	Terry Carr	1979
pst.000007756412	12269367	19918	34809	Fantasy Annual III	Terry Carr	1981
pst.000009451001	12269367	19920	34811	Fantasy Annual V	Terry Carr	1982
pst.000007408434	12268563	19922	34165	The Best Science Fiction Novellas of the Year #2	Terry Carr	1980
mdp.39015066783047	5288678	19938	937390	Science Fiction: The Very Best of 2005	Jonathan Strahan	2006
mdp.39015048515046	3479326	20084	35242	Skylife: Space Habitats in Story and Science	Gregory Benford & George Zebrowski	2000
uc1.32106006844861	5867123	20568	33772	Masterpieces of Terror and the Supernatural	Marvin Kaye & Saralee Kaye	1985
mdp.39015080843892	6836358	20894	995963	The Solaris Book of New Science Fiction: Volume Three	George Mann	2009
mdp.39015019062853	418571	21400	35470	The Science Fiction Yearbook	Jim Baen & John F. Carr & Jerry Pournelle	1985
mdp.39015030836798	218546	21424	34118	Anticipations	Christopher Priest	1978
uc1.b3862784	7881099	21424	34118	Anticipations	Christopher Priest	1978
uc1.b4937285	218546	21424	34118	Anticipations	Christopher Priest	1978
mdp.39015017643951	1438750	21498	34492	Nova 1	Harry Harrison	1970
pst.000027462188	12273548	21498	34492	Nova 1	Harry Harrison	1970
uc1.b4422352	1438750	21498	34492	Nova 1	Harry Harrison	1970
pst.000007363771	7040231	21527	33811	The Year's Best Fantasy Stories: 2	Lin Carter	1976
pst.000007363818	7040231	21528	33812	The Year's Best Fantasy Stories: 3	Lin Carter	1977
pst.000007363825	7040231	21529	33813	The Year's Best Fantasy Stories: 4	Lin Carter	1978
inu.30000067562433	7593849	21699	35313	The Lives of Dax	Marco Palmieri	1999
mdp.39015051107913	519231	21764	35067	Star Science Fiction Stories	Frederik Pohl	1953
mdp.39015051107905	519231	21765	35068	Star Science Fiction Stories No. 2	Frederik Pohl	1953
mdp.39015046811314	519231	21766	35069	Star Science Fiction Stories No. 3	Frederik Pohl	1955
mdp.39015005896660	100033853	21771	34224	Star of Stars	Frederik Pohl	1960
mdp.39015060887596	4963038	22676	170696	Galileo's Children: Tales of Science vs. Superstition	Gardner Dozois	2005
mdp.39015078788174	6766437	23337	876837	Poe	Ellen Datlow	2009
mdp.39015079150150	5931104	23337	876837	Poe	Ellen Datlow	2009
mdp.39015007010112	242231	23442	34451	Heroic Visions	Jessica Amanda Salmonson	1983
mdp.49015001363762	4519987	23790	33694	Omni Best Science Fiction One	Ellen Datlow	1992
pst.000012360031	7039837	23795	34852	The Third Omni Book of Science Fiction	Ellen Datlow	1985
pst.000012359899	7039833	23796	591133	The Fourth Omni Book of Science Fiction	Ellen Datlow	1985
pst.000014156960	7039843	23797	591057	The Fifth Omni Book of Science Fiction	Ellen Datlow	1987
pst.000018825046	12269370	23799	593205	The Seventh Omni Book of Science Fiction	Ellen Datlow	1989
mdp.39015061162296	4760346	23884	35475	Cutting Edge	Dennis Etchison	1986
inu.30000078605411	4597874	24003	36453	A Wolf at the Door and Other Retold Fairy Tales	Ellen Datlow & Terri Windling	2000
mdp.49015001357822	4519326	24347	33377	Universe 2	Karen Haber & Robert Silverberg	1992
mdp.49015002132133	4519326	24348	33378	Universe 3	Karen Haber & Robert Silverberg	1994
pst.000006569921	7040548	24350	34786	The Best of New Dimensions	Robert Silverberg	1979
mdp.39015005908812	272676	24367	34417	Yesterday's Tomorrows	Frederik Pohl	1982
mdp.39015064107280	5232107	24368	35322	Dark Detectives	Stephen Jones	1999
mdp.39015042558497	3493485	24655	34453	Millennial Women	Virginia Kidd	1978
mdp.39015019794885	201794	24656	34317	Interfaces	Virginia Kidd & Ursula K. Le Guin	1980
mdp.49015003276707	5937897	24685	36532	Mars Probes	Peter Crowther	2002
pst.000007409189	12268541	24709	35540	Alpha Two	Robert Silverberg	1971
pst.000007409172	12268541	24712	34074	Alpha 5	Robert Silverberg	1974
mdp.39015014321247	205962	24717	33478	The Fantasy Hall of Fame	Martin H. Greenberg & Robert Silverberg	1983
inu.39000013183947	7593851	24720	33443	Edges	Virginia Kidd & Ursula K. Le Guin	1980
pst.000007408991	12255575	24722	36106	The Year's Best Horror Stories, No. 1	Richard Davis	1971
pst.000007408786	12255575	24726	33663	The Year's Best Horror Stories: Series V	Gerald W. Page	1977
mdp.49015002054766	4533310	24742	33679	The Year's Best Horror Stories: XXI	Karl Edward Wagner	1993
mdp.39015010415951	764570	24839	1122065	A Treasury of Modern Fantasy	Terry Carr & Martin H. Greenberg	1981
mdp.39015053247345	340508	24842	34832	Habitats	Susan Shwartz	1984
mdp.39015069301797	5571672	24980	884831	Logorrhea: Good Words Make Good Stories	John Klima	2007
mdp.39015010918665	456267	25073	33710	Magicats!	Jack Dann & Gardner Dozois	1984
pst.000006569464	7039881	25135	25757	Galactic Empires Volume One	Brian W. Aldiss	1976
pst.000049696721	7039881	25136	34970	Galactic Empires Volume Two	Brian W. Aldiss	1976
pst.000013229726	7056937	25264	27843	Conan	L. Sprague de Camp & Lin Carter & Robert E. Howard	1967
mdp.39015084105009	6878672	26738	829173	Sideways in Crime	Lou Anders	2008
uva.x001534042	102065469	26998	35052	Best Science Fiction for 1972	Frederik Pohl	1972
mdp.49015002803030	4598055	28311	36503	Science Fiction: DAW 30th Anniversary	Sheila E. Gilbert & Elizabeth R. Wollheim	2002
mdp.39015011047274	249485	28582	34034	Sword and Sorceress	Marion Zimmer Bradley	1984
mdp.39076000963590	249485	28582	34034	Sword and Sorceress	Marion Zimmer Bradley	1984
mdp.39076000963608	249485	28584	34036	Sword and Sorceress III	Marion Zimmer Bradley	1986
mdp.39076000948484	249485	28585	34037	Sword and Sorceress IV	Marion Zimmer Bradley	1987
pst.000062911030	12279294	28603	775485	Marion Zimmer Bradley's Sword and Sorceress XXII	Elisabeth Waters	2007
uva.x000445737	102090039	28825	34647	Thirteen French Science-Fiction Stories	Damon Knight	1965
mdp.39015058082556	3887180	28965	34693	The Best from the Rest of the World	Donald A. Wollheim	1976
uva.x000683458	101870610	28996	35868	Terra SF: The Year's Best European SF	Richard D. Nolane	1981
mdp.39015054507606	776661	28998	35869	Terra SF II: The Year's Best European SF	Richard D. Nolane	1983
mdp.39015046342476	121235	30350	1564197	Soviet Science Fiction	Uncredited	1960
uc1.$b389499	121235	30350	1564197	Soviet Science Fiction	Uncredited	1960
uc1.$b802732	9950608	30350	1564197	Soviet Science Fiction	Uncredited	1960
ppt.ssfcbz201808000041	121719	30351	36142	More Soviet Science Fiction	Uncredited	1961
uc1.32106009456366	121719	30351	36142	More Soviet Science Fiction	Uncredited	1961
mdp.39015008494166	719026	30352	35618	New Soviet Science Fiction	Uncredited	1979
mdp.39015060400358	4920280	31656	1136091	Synergy SF: New Science Fiction	George Zebrowski	2004
uva.x004791452	4920280	31656	1136091	Synergy SF: New Science Fiction	George Zebrowski	2004
mdp.39015058073100	4362195	32192	167869	Firebirds	Sharyn November	2003
osu.32435066988890	101806132	32556	36386	Great Science Fiction Adventures	Larry T. Shaw	1963
pst.000017894845	7056935	34957	522045	Invasions	Isaac Asimov & Martin H. Greenberg & Charles G. Waugh	1990
mdp.39015069130105	5400284	34967	461181	Sisters in Fantasy	Martin H. Greenberg & Susan Shwartz	1995
mdp.39015004314376	1013694	34969	36303	Tomorrow's Children	Isaac Asimov	1966
mdp.49015002628478	4581321	35538	529365	The Twilight Zone: Original Stories	Martin H. Greenberg & Richard Matheson & Charles G. Waugh	1985
mdp.39015001749434	2197054	35666	945856	Starships	Isaac Asimov & Martin H. Greenberg & Charles G. Waugh	1983
mdp.39015004691096	1020666	35910	34754	Men and Machines	Robert Silverberg	1968
mdp.39015030764453	1370386	36937	34055	Beyond the Barriers of Space and Time	Judith Merril	1954
uc1.b3545502	1370386	36937	34055	Beyond the Barriers of Space and Time	Judith Merril	1954
mdp.39015003969873	18280	38175	996286	13 Crimes of Science Fiction	Isaac Asimov & Martin H. Greenberg & Charles G. Waugh	1979
mdp.39015007040846	120854	N/A	26971	100 Great Fantasy Short Short Stories	Isaac Asimov & Terry Carr & Martin H. Greenberg	1984
mdp.39015030930278	720705	N/A	27800	Classic Science Fiction: The First Golden Age	Terry Carr	1978
uc1.b3870212	720705	N/A	27800	Classic Science Fiction: The First Golden Age	Terry Carr	1978
pst.000007408687	7039880	N/A	29978	Orion's Sword	Reginald Bretnor	1980
pst.000006569419	7039880	N/A	31585	Thor's Hammer	Reginald Bretnor	1979
mdp.39015029108399	2790291	N/A	32394	The Ultimate Witch	John Gregory Betancourt & Byron Preiss	1993
mdp.39015017692040	124422	N/A	33571	The Best from Universe	Terry Carr	1984
mdp.39015006191889	272253	N/A	33603	Analog's Children of the Future	Stanley Schmidt	1982
mdp.49015000499302	4431986	N/A	33606	War and Peace	Stanley Schmidt	1983
mdp.39015028685405	246450	N/A	33607	Aliens from Analog	Stanley Schmidt	1983
pst.000021659072	7067240	N/A	33609	Analog's Expanding Universe	Stanley Schmidt	1986
mdp.49015002568690	4543090	N/A	33612	Unknown Worlds: Tales from Beyond	Martin H. Greenberg & Stanley Schmidt	1988
mdp.39015019148686	1464041	N/A	33654	An Exaltation of Stars	Terry Carr	1973
inu.30000048825149	54052	N/A	33781	New Writings in SF 24	Kenneth Bulmer	1974
inu.30000048825131	54052	N/A	33782	New Writings in SF 25	Kenneth Bulmer	1975
inu.30000048825123	54052	N/A	33785	New Writings in SF 28	Kenneth Bulmer	1976
mdp.39015046431527	54052	N/A	33786	New Writings in SF 29	Kenneth Bulmer	1976
mdp.39015030933066	16545	N/A	33830	Tomorrow Today	George Zebrowski	1975
uc1.b4354461	16545	N/A	33830	Tomorrow Today	George Zebrowski	1975
mdp.39015041871776	848622	N/A	33908	A Very Large Array: New Mexico Science Fiction and Fantasy	Melinda M. Snodgrass	1987
mdp.39015000254519	1026920	N/A	33927	Science Fiction: The Future	Dick Allen	1971
uc1.b3472988	1026920	N/A	33927	Science Fiction: The Future	Dick Allen	1971
mdp.39015064094074	5223013	N/A	33935	Grails: Visitations of the Night	Richard Gilliam & Martin H. Greenberg & Edward E. Kramer	1994
mdp.39015063160801	5146412	N/A	33947	Science Fiction from China	Patrick D. Murphy & Dingbo Wu	1989
uc1.32106008714476	5146412	N/A	33947	Science Fiction from China	Patrick D. Murphy & Dingbo Wu	1989
uva.x001639035	5146412	N/A	33947	Science Fiction from China	Patrick D. Murphy & Dingbo Wu	1989
uc1.32106018772332	7137617	N/A	33948	The Best Japanese Science Fiction Stories	John L. Apostolou & Martin H. Greenberg	1989
uva.x001520569	101890407	N/A	33948	The Best Japanese Science Fiction Stories	John L. Apostolou & Martin H. Greenberg	1989
mdp.39015061468552	4988150	N/A	33975	Icarus & Angels: Flights of Fantasy	Gary Bowen	1996
uc1.32106006586751	7117639	N/A	33990	The Far Side of Time	Roger Elwood	1974
dul1.ark:/13960/t8md8n56r	2521690	N/A	33993	Storming the Reality Studio	Larry McCaffery	1991
mdp.39015024968599	2521690	N/A	33993	Storming the Reality Studio	Larry McCaffery	1991
mdp.39015017665772	555488	N/A	33998	Tesseracts	Judith Merril	1985
uva.x002228350	101944966	N/A	34001	Tesseracts 4	Michael Skeet & Lorna Toolis	1992
uva.x000239879	101864845	N/A	34053	Beyond Human Ken	Judith Merril	1952
inu.39000002826803	6056174	N/A	34068	Imagination Unlimited	Everett F. Bleiler & T. E. Dikty	1952
uva.x030786273	102088755	N/A	34069	Men of Space and Time	Everett F. Bleiler & T. E. Dikty	1953
mdp.39015000608797	1901332	N/A	34086	Mirror of Inifinity: A Critics' Anthology of Science Fiction	Robert Silverberg	1970
mdp.39015065698170	1421317	N/A	34086	Mirror of Inifinity: A Critics' Anthology of Science Fiction	Robert Silverberg	1970
uc1.32106012422611	1901332	N/A	34086	Mirror of Inifinity: A Critics' Anthology of Science Fiction	Robert Silverberg	1970
mdp.39015030931268	1441752	N/A	34129	Beachheads in Space	August Derleth	1952
mdp.39015013433084	558602	N/A	34131	The Golden Years of Science Fiction: Second Series	Isaac Asimov & Martin H. Greenberg	1983
mdp.39015014515558	558602	N/A	34132	The Golden Years of Science Fiction: Third Series	Isaac Asimov & Martin H. Greenberg	1984
uva.x000787179	102028120	N/A	34132	The Golden Years of Science Fiction: Third Series	Isaac Asimov & Martin H. Greenberg	1984
mdp.39015014514650	558602	N/A	34133	The Golden Years of Science Fiction: Fourth Series	Isaac Asimov & Martin H. Greenberg	1984
uva.x000862869	101994839	N/A	34133	The Golden Years of Science Fiction: Fourth Series	Isaac Asimov & Martin H. Greenberg	1984
mdp.39015014163797	558602	N/A	34134	The Golden Years of Science Fiction: Fifth Series	Isaac Asimov & Martin H. Greenberg	1985
uva.x000528200	101862094	N/A	34229	Invaders of Earth	Groff Conklin	1952
pst.000021912450	7067529	N/A	34230	Omnibus of Science Fiction	Groff Conklin	1952
uc1.b3541071	6671269	N/A	34231	Possible Worlds of Science Fiction	Groff Conklin	1951
uva.x000494743	101864832	N/A	34233	Science Fiction Adventures in Dimension	Groff Conklin	1953
uva.x000050428	102059898	N/A	34234	Science Fiction Adventures in Mutation	Groff Conklin	1955
mdp.39015016460944	1441725	N/A	34237	Science-Fiction Thinking Machines	Groff Conklin	1954
mdp.39015018618788	1441725	N/A	34237	Science-Fiction Thinking Machines	Groff Conklin	1954
inu.30000047604883	7112433	N/A	34251	Modern Masterpieces of Science Fiction	Sam Moskowitz	1965
uc1.32106005940504	7112433	N/A	34251	Modern Masterpieces of Science Fiction	Sam Moskowitz	1965
mdp.49015001414128	4525310	N/A	34264	Looking Forward	Milton Lesser	1953
osu.32435060539608	101673038	N/A	34282	Space Police	Andre Norton	1956
pst.000006571351	7040321	N/A	34291	The End of Summer: Science Fiction of the Fifties	Barry N. Malzberg & Bill Pronzini	1979
mdp.49015000959693	4478661	N/A	34370	Those Who Can: A Science Fiction Reader	Robin Scott Wilson	1973
uiug.30112014069030	102697033	N/A	34374	The Petrified Planet	Fletcher Pratt	1952
uva.x000491854	101906006	N/A	34400	The Oddballs	Vic Ghidalia	1973
pst.000007408717	12268570	N/A	34437	Analog Yearbook	Ben Bova	1978
inu.30000001265085	7594457	N/A	34438	The Analog Anthology #1	Stanley Schmidt	1980
inu.39000000524178	7593853	N/A	34439	The Analog Anthology #2	Stanley Schmidt	1982
mdp.39015001117038	280392	N/A	34439	The Analog Anthology #2	Stanley Schmidt	1982
pst.000007889585	12268396	N/A	34499	Other Worlds 1	Roy Torgeson	1979
pst.000006571979	12268397	N/A	34500	Other Worlds 2	Roy Torgeson	1980
uc1.b3477285	6662959	N/A	34502	The Penguin Science Fiction Omnibus	Brian W. Aldiss	1973
pst.000007756283	12268560	N/A	34532	Chrysalis 6	Roy Torgeson	1980
uc1.b3870206	6738793	N/A	34555	Androids, Time Machines and Blue Giraffes	Roger Elwood & Vic Ghidalia	1973
uva.x000276674	101864831	N/A	34596	Giants Unleashed	Groff Conklin	1965
iau.31858006106367	100924595	N/A	34601	Science Fiction Omnibus	Groff Conklin	1956
osu.32435053366498	5814898	N/A	34601	Science Fiction Omnibus	Groff Conklin	1956
uva.x000527951	101892181	N/A	34605	Strange Adventures in Science Fiction	Groff Conklin	1954
uva.x000180107	1441753	N/A	34622	Beyond Time and Space	August Derleth	1950
mdp.39015016459920	1441755	N/A	34627	Portals of Tomorrow	August Derleth	1954
mdp.39015034605462	1903278	N/A	34627	Portals of Tomorrow	August Derleth	1954
uc1.b4562656	1441755	N/A	34627	Portals of Tomorrow	August Derleth	1954
mdp.39015014830106	1026922	N/A	34629	Time to Come	August Derleth	1954
mdp.39015024078555	1113047	N/A	34648	Beyond Tomorrow	Damon Knight	1965
mdp.39015021932101	1026925	N/A	34653	Dimension X	Damon Knight	1970
pst.000021120350	6813048	N/A	34655	First Contact	Damon Knight	1971
mdp.39015002498098	1026926	N/A	34659	One Hundred Years of Science Fiction	Damon Knight	1968
uc1.b3870846	1026926	N/A	34659	One Hundred Years of Science Fiction	Damon Knight	1968
uva.x000887674	101862090	N/A	34681	Perchance to Dream	Damon Knight	1972
mdp.39015024078472	1026927	N/A	34687	Toward Infinity	Damon Knight	1968
osu.32435057983116	5815186	N/A	34696	End of the World	Donald A. Wollheim	1956
uc1.b3523358	10117495	N/A	34706	Prize Science Fiction	Donald A. Wollheim	1953
mdp.49015000730797	4455363	N/A	34739	Futures to Infinity	Sam Moskowitz	1970
uc1.32106001705257	7112447	N/A	34740	Masterpieces of Science Fiction	Sam Moskowitz	1967
uc1.b3578290	6678002	N/A	34740	Masterpieces of Science Fiction	Sam Moskowitz	1967
mdp.39015035323578	1370404	N/A	34742	Science Fiction by Gaslight	Sam Moskowitz	1968
uc1.32106002059738	7112434	N/A	34742	Science Fiction by Gaslight	Sam Moskowitz	1968
mdp.39015053246826	1020665	N/A	34757	Deep Space	Robert Silverberg	1973
mdp.39015005228989	8319	N/A	34763	Other Dimensions	Robert Silverberg	1973
pst.000012691302	7057003	N/A	34766	Windows into Tomorrow	Robert Silverberg	1974
mdp.39015031010575	1370504	N/A	34769	Beyond Control	Robert Silverberg	1972
uc1.b3870837	1370504	N/A	34769	Beyond Control	Robert Silverberg	1972
mdp.39015061384684	4917586	N/A	34770	Strange Gifts	Robert Silverberg	1975
uc1.b4430798	6239061	N/A	34779	No Mind of Man	Robert Silverberg	1973
uc1.32106002059704	7114173	N/A	34782	Galactic Dreamers	Robert Silverberg	1977
ppt.ssfcbz201808000032	102699459	N/A	34877	13 Great Stories of Science Fiction	Groff Conklin	1960
mdp.39015040065743	3954703	N/A	34906	Brothers of theNight	Thomas S. Roche & Michael Rowe	1997
uc1.32106012911092	7133115	N/A	34911	An Anthology of Scottish Fantasy Literature	Colin Manlove	1996
inu.32000011347608	7593900	N/A	34913	Clarion	Robin Scott Wilson	1971
mdp.39015030930252	1364715	N/A	34919	Time Probe: The Sciences in Science Fiction	Arthur C. Clarke	1966
inu.39000003458853	7593902	N/A	34953	The New and Improved Sun	Thomas M. Disch	1975
mdp.39015064797734	5284688	N/A	34953	The New and Improved Sun	Thomas M. Disch	1975
pst.000006568436	7039897	N/A	34975	Space Odysseys	Brian W. Aldiss	1974
inu.30000120306703	9529335	N/A	34979	Looking Ahead	Dick Allen & Lori Allen	1975
mdp.39015008735873	1901343	N/A	35008	Other Worlds, Other Seas	Darko Suvin	1970
mdp.39015064103032	5228670	N/A	35050	Things	Ivan Howard	1964
mdp.39015046852672	1370446	N/A	35051	Assignment in Tomorrow	Frederik Pohl	1954
ppt.ssfcbz201710000405	102699462	N/A	35062	Nightmare Age	Frederik Pohl	1970
pst.000012674602	156890	N/A	35080	Tomorrow, the Stars	Robert A. Heinlein	1952
uva.x000359810	101864843	N/A	35080	Tomorrow, the Stars	Robert A. Heinlein	1952
mdp.39015038159391	3109761	N/A	35262	Destination: Amaltheia	Richard Dixon	1962
mdp.39015064795126	5276836	N/A	35413	The Best of Cemetery Dance, Volume One	Richard Chizmar	2000
mdp.39015069109224	5276836	N/A	35414	The Best of Cemetery Dance, Volume Two	Richard Chizmar	2001
mdp.39015053566694	1464050	N/A	35531	The Day the Sun Stood Still	Uncredited	1972
mdp.39015061471416	5019221	N/A	35539	Fellowship of the Stars	Terry Carr	1974
mdp.39015010748443	773944	N/A	35545	The Astounding-Analog Reader, Volume 1	Brian W. Aldiss & Harry Harrison	1972
mdp.39015016910971	526089	N/A	35548	SF: Authors' Choice 4	Harry Harrison	1974
pst.000002675138	7492684	N/A	35548	SF: Authors' Choice 4	Harry Harrison	1974
uc1.b4354460	5828636	N/A	35548	SF: Authors' Choice 4	Harry Harrison	1974
mdp.39015081739040	6838819	N/A	35551	Horrors! 365 Scary Stories	Stefan Dziemianowicz & Martin H. Greenberg & Robert Weinberg	1998
pst.000044142056	6838819	N/A	35551	Horrors! 365 Scary Stories	Stefan Dziemianowicz & Martin H. Greenberg & Robert Weinberg	1998
uc1.b4594282	6281780	N/A	35615	Everything But Love	Arthur Shkarovsky-Raffé	1973
mdp.39015061026319	4475853	N/A	35649	Isaac Asimov Presents the Best Horror and Supernatural of the 19th Century	Isaac Asimov & Martin H. Greenberg & Charles G. Waugh	1983
mdp.39015002518291	268487	N/A	35654	Science Fiction A to Z	Isaac Asimov & Martin H. Greenberg & Charles G. Waugh	1982
mdp.39015008981634	243451	N/A	35666	Creations: The Quest for Origins in Story and Science	Isaac Asimov & Martin H. Greenberg & George Zebrowski	1983
pst.000021457753	12265505	N/A	35702	The Best of Omni Science Fiction	Ben Bova & Don Myrus	1980
mdp.39015008806039	127910	N/A	35707	Astounding Science Fiction July 1939	John W. Campbell, Jr.	1981
mdp.39015018618713	1441723	N/A	35756	Combat SF	Gordon R. Dickson	1975
mdp.39015029404871	211251	N/A	35766	Beyond the Gaslight	Dik Evans & Hilary Evans	1976
uc1.b4354458	6224284	N/A	35769	The Magazine of Fantasy and Science Fiction, April 1965	Edward L. Ferman & Martin H. Greenberg	1981
mdp.39015019387144	231402	N/A	35771	Pre-Revolutionary Russian Science Fiction: An Anthology (Seven Utopias and a Dream)	Leland Fetzer	1982
uc1.b4397263	231402	N/A	35771	Pre-Revolutionary Russian Science Fiction: An Anthology (Seven Utopias and a Dream)	Leland Fetzer	1982
pst.000006620417	7040320	N/A	35773	Neuron Stars	Gregory Fitz Gerald	1977
mdp.49015000987751	4481474	N/A	35803	The Altered I	Lee Harding	1976
uc1.32106005619801	7104080	N/A	35806	Pulsar 2	George Hay	1979
uva.x001049177	101882568	N/A	35814	Australian Science Fiction	Van Ikin	1982
mdp.39015019387243	294366	N/A	35822	Travelling Towards Epsilon	Maxim Jakubowski	1977
mdp.39015053238286	123734	N/A	35899	Weird Heroes	Byron Preiss	1975
mdp.39015012934496	156890	N/A	35914	Science Fiction: A Historical Anthology	Eric S. Rabkin	1983
umn.31951001173041r	100661435	N/A	35916	Science Fiction by the Rivals of H. G. Wells	Alan K. Russell	1979
uc1.b3550428	7859562	N/A	35943	Isaac Asimov's Marvels of Science Fiction	George H. Scithers	1979
uva.x001505671	101887462	N/A	35968	The View from the Edge: A Workshop of Science Fiction Stories	George Turner	1977
mdp.39015014666047	185696	N/A	35984	They Came from Outer Space	Jim Wynorski	1981
mdp.39015061381730	4905195	N/A	36006	New Worlds from the Lowland	Manuel Van Loggem	1982
uc1.b3558403	4905195	N/A	36006	New Worlds from the Lowland	Manuel Van Loggem	1982
uva.x001234240	102089435	N/A	36063	No Place Like Earth	John Carnell	1952
mdp.39015027359838	243024	N/A	36066	The Infinite Arena	Terry Carr	1977
mdp.39015056812368	3849966	N/A	36066	The Infinite Arena	Terry Carr	1977
uc1.b4354459	9508088	N/A	36068	Planets of Wonder	Terry Carr	1976
uva.x000183648	101964077	N/A	36077	Science Against Man	Anthony Cheetham	1970
uva.x000427168	102088665	N/A	36089	Best SF Two	Edmund Crispin	1956
mdp.39015030838687	1907088	N/A	36090	Best SF Three	Edmund Crispin	1958
mdp.39015003758011	1440764	N/A	36124	The Ruin's of Earth	Thomas M. Disch	1971
mdp.39015016459912	1441765	N/A	36131	Encounters with Aliens	George W. Earley	1968
uva.x000054674	102044551	N/A	36135	A World Named Cleopatra	Poul Anderson & Roger Elwood	1977
mdp.39015019386112	1059418	N/A	36149	Path Into the Unknown	Uncredited	1966
uc1.$b389502	9448089	N/A	36149	Path Into the Unknown	Uncredited	1966
pst.000008505590	9813934	N/A	36197	Beyond Tomorrow	Lee Harding	1976
mdp.39015010748237	1364826	N/A	36229	The Light Fantastic	Harry Harrison	1971
mdp.39015030933041	1397598	N/A	36234	The Year 2000	Harry Harrison	1970
uc1.b4358889	1397598	N/A	36234	The Year 2000	Harry Harrison	1970
uva.x000414453	101864842	N/A	36248	9 Tales of Space and Time	Raymond J. Healy	1954
uva.x000604443	101950005	N/A	36256	Window on the Future	Douglas HIll	1966
mdp.39015001799124	1059388	N/A	36278	Russian Science Fiction 1968	Robert Magioff	1968
mdp.39015054063790	1059388	N/A	36278	Russian Science Fiction 1968	Robert Magioff	1968
mdp.39015012272715	1059387	N/A	36279	Russian Science Fiction 1969	Robert Magioff	1969
inu.30000103852103	9050045	N/A	36286	The Giant Anthology of Science Fiction	Oscar J. Friend & Leo Margulies	1954
mdp.39015030928819	1026928	N/A	36294	Above the Human Landscape: A Social Science Fiction Anthology	Willis E. McNelly & Leon E. Stover	1972
uc1.b3870138	1026928	N/A	36294	Above the Human Landscape: A Social Science Fiction Anthology	Willis E. McNelly & Leon E. Stover	1972
mdp.39015011249755	1464032	N/A	36297	Before the Golden Age	Isaac Asimov	1974
mdp.39015066077754	635135	N/A	36304	Where Do We Go from Here?	Isaac Asimov	1971
pst.000008826459	7498290	N/A	36304	Where Do We Go from Here?	Isaac Asimov	1971
mdp.49015000730243	4455308	N/A	36305	Fifty Short Science Fiction Tales	Isaac Asimov & Groff Conklin	1963
pst.000003806074	7492679	N/A	36306	The Worlds of Science Fiction	Robert P. Mills	1963
uc1.b3545503	6671953	N/A	36306	The Worlds of Science Fiction	Robert P. Mills	1963
mdp.39015031219481	148081	N/A	36309	Before Armageddon	Michael Moorcock	1975
uc1.32106005747230	148081	N/A	36309	Before Armageddon	Michael Moorcock	1975
uc1.b3160554	148081	N/A	36309	Before Armageddon	Michael Moorcock	1975
inu.30000099975843	10558101	N/A	36363	Transformations	Daniel Roselle	1973
mdp.39015069971607	5656256	N/A	36383	Strange Bedfellows	Thomas N. Scortia	1972
uc1.32106002059688	7114198	N/A	36387	Earth Is the Strangest Planet	Robert Silverberg	1977
uc1.b4948844	9495476	N/A	36406	The Second Pacific Book of Science Fiction	John Baxter	1971
pst.000007041129	7039838	N/A	36440	Perilous Planets	Brian W. Aldiss	1978
mdp.39015026897044	101001	N/A	36442	The Golden Age of Science Fiction	Kingsley Amis	1981
pst.000048593830	12269065	N/A	36482	The Prentice Hall Anthology of Science Fiction and Fantasy	Garyn G. Roberts	2000
mdp.39015059135031	4759861	N/A	36521	Things Invisible to See	Lawrence Schimel	1998
mdp.39015069123910	5389940	N/A	36571	100 Ghastly Little Stories	Stefan Dziemianowicz & Martin H. Greenberg & Robert Weinberg	1993
mdp.49015002837723	4600265	N/A	36630	Stars: Original Stories Based on the Songs of Janis Ian	Janis Ian & Mike Resnick	2003
mdp.39015047857340	4079962	N/A	103244	Women of Other Worlds: Excursions Through Science Fiction and Feminism	Helen Merrick & Tess Williams	1999
mdp.39015060836189	4987761	N/A	168741	The Campfire Collection: Thrilling Chilling Tales of Alien Encounters	Gina Hyams	2005
mdp.49015000000985	4381710	N/A	181329	Beyond Armageddon	Martin H. Greenberg & Walter M. Miller, Jr.	1985
uc1.32106018982055	7148758	N/A	182074	Worlds Apart: An Anthology of Russian Science Fiction and Fantasy	Alexander Levitsky	2006
uc1.32106013793556	7136119	N/A	183030	Transcendental Tales from Isaac Asimov's Science Fiction Magazine	Gardner Dozois	1989
uva.x030196928	102049633	N/A	467491	Glorifying Terrorism	Farah Mendlesohn	2007
uc1.32106005567604	7103760	N/A	518001	Great Science Fiction: Stories by the World's Great Scientists	Isaac Asimov & Martin H. Greenberg & Charles G. Waugh	1985
mdp.39015061027432	5069958	N/A	523649	Tales of the Occult	Isaac Asimov & Martin H. Greenberg & Charles G. Waugh	1989
pst.000014157073	7039974	N/A	529301	Science Fiction: Contemporary Mythology: The SFWA-SFRA Anthology	Martin H. Greenberg & Joseph D. Olander & Patricia S. Warrick	1978
mdp.39015018647522	484865	N/A	529405	Young Mutants	Isaac Asimov & Martin H. Greenberg & Charles G. Waugh	1984
mdp.39015052394080	3515468	N/A	592121	New Eves: Science Fiction About the Extraordinary Women of Today and Tomorrow	Forrest J. Ackerman & Janrae Frank & Jean Marie Stine	1994
mdp.39015061321959	4725794	N/A	651601	Predators	Ed Gorman & Martin H. Greenberg	1993
mdp.39015008642624	123097	N/A	708193	Computer Crimes and Capers	Isaac Asimov & Martin H. Greenberg & Charles G. Waugh	1983
mdp.39076002620370	9929698	N/A	710185	100 Great Science Fiction Short Short Stories	Isaac Asimov & Martin H. Greenberg & Joseph D. Olander	1978
mdp.49015000498916	4431947	N/A	710185	100 Great Science Fiction Short Short Stories	Isaac Asimov & Martin H. Greenberg & Joseph D. Olander	1978
mdp.39015009069454	39280	N/A	710481	School and Society Through Science Fiction	Martin H. Greenberg & Joseph D. Olander & Patricia S. Warrick	1974
pst.000016307247	7492106	N/A	710481	School and Society Through Science Fiction	Martin H. Greenberg & Joseph D. Olander & Patricia S. Warrick	1974
uc1.32106005219453	8323590	N/A	718493	Laughing Space	Isaac Asimov & Janet Asimov	1982
mdp.39015056801338	3849285	N/A	755817	Graven Images	Nancy Kilpatrick & Thomas S. Roche	2000
mdp.39015005756898	1441824	N/A	830591	The Clans of Darkness	Peter Haining	1971
mdp.39015059179419	5407684	N/A	830591	The Clans of Darkness	Peter Haining	1971
mdp.39015066698575	1004277	N/A	830591	The Clans of Darkness	Peter Haining	1971
mdp.39015039923407	3960522	N/A	840487	Worlds Apart	Camilla Decarnin & Eric Garber & Lyn Paleo	1986
mdp.39015055929247	3960522	N/A	840487	Worlds Apart	Camilla Decarnin & Eric Garber & Lyn Paleo	1986
mdp.39015061002906	5050635	N/A	840487	Worlds Apart	Camilla Decarnin & Eric Garber & Lyn Paleo	1986
mdp.39015053538602	3582238	N/A	846663	Meltdown!	Caro Soles	1994
uva.x000308637	101963519	N/A	849535	Binary Star No. 3	James R. Frenkel	1979
inu.30000122862026	9397012	N/A	870876	Otherworldy Maine	Noreen Doyle	2008
mdp.39015003935221	32305	N/A	886216	Other Canadas	John Robert Colombo	1979
pst.000013299002	7500343	N/A	898459	Great Tales of Science Fiction	Martin H. Greenberg & Robert Silverberg	1985
uc1.31210006743940	102648073	N/A	898792	Tomorrow's Universe	Herbert J. Campbell	1953
mdp.39015003842419	1440798	N/A	903716	Ancestral Voices: An Anthology of Early Science Fiction	Douglas Menville & Robert Reginald	1975
mdp.39015021921229	138943	N/A	905459	Isaac Asimov's Worlds of Science Fiction	George H. Scithers	1980
pst.000022747778	7040196	N/A	910888	Masters of Fantasy	Terry Carr & Martin Harry Greenberg	1995
mdp.39015057615026	4346755	N/A	939690	Hive of Dreams: Contemporary Science Fiction from the Pacific Northwest	Grace L. Dillon	2003
mdp.39015056459400	3516326	N/A	948319	Kindred Spirits: An Anthology of Gay and Lesbian Science Fiction	Jeffrey M. Elliot	1984
inu.30000061550038	6809985	N/A	949464	Southern Blood	Martin H. Greenberg & Lawrence Schimel	1997
uc1.32106019397071	7708344	N/A	951073	The Future Is Queer	Richard Labonte & Lawrence Schimel	2006
mdp.39015061861616	4952973	N/A	953935	Ancient Hauntings	Robert Reginald	1976
mdp.39015078806315	6804095	N/A	968991	Subterfuge	Ian Whates	2008
mdp.39015001778581	2636092	N/A	980886	Austrailian Horror Stories	Bill Wannan	1983
umn.31951000689531j	7473753	N/A	990921	Philosophy and Science Fiction	Michael Philips	1984
mdp.39015081739305	6867714	N/A	992595	Gaylaxicon 2006 Sampler	Don Sakers	2006
uc1.32106015297994	8325536	N/A	996222	Social Problems Through Science Fiction	Martin H. Greenberg & John W. Milstead & Joseph D. Olander & Patricia S. Warrick	1975
mdp.39015000019912	213266	N/A	996238	Introductory Psychology Through Science Fiction	Martin H. Greenberg & Harvey A. Katz & Patricia S. Warrick	1974
mdp.39015002797796	616063	N/A	996238	Introductory Psychology Through Science Fiction	Martin H. Greenberg & Harvey A. Katz & Patricia S. Warrick	1974
mdp.39015003859785	1440815	N/A	996243	Sociology Through Science Fiction	Martin H. Greenberg & John W. Milstead & Joseph D. Olander & Patricia S. Warrick	1974
mdp.49015000498858	4431941	N/A	996269	American Government Through Science Fiction	Martin H. Greenberg & Joseph D. Olander & Patricia S. Warrick	1974
inu.39000002791635	7593852	N/A	996271	Criminal Justice Through Science Fiction	Martin H. Greenberg & Joseph D. Olander	1977
inu.39000002311103	7593901	N/A	996683	No Room for Man	Ralph S. Clem & Martin H. Greenberg & Joseph D. Olander	1979
mdp.39015064788691	5266232	N/A	998729	The Definitive Best of the Horror Show	David B. Silva	1992
mdp.39015081738570	6813571	N/A	1028199	Triptych of Terror	John Michael Curlovich & David Thomas Lord & Michael Rowe	2006
mdp.39015069160441	5417690	N/A	1035213	Fantasy Stories	Diana Wynne Jones	1994
mdp.39015024993415	2525341	N/A	1035560	The Bradbury Chronicles: Stories in Honor of Ray Bradbury	Martin H. Greenberg & William F. Nolan	1991
pst.000024657594	12263706	N/A	1050179	FutureCrime: An Anthology of the Shape of Crime to Come	Charles Ardai & Cynthia Manson	1992
mdp.39015013272789	922064	N/A	1077471	Alternative Histories	Martin H. Greenberg & Charles G. Waugh	1986
inu.30000056691995	6809981	N/A	1080088	Blood Lines: Vampire Stories from New England	Martin H. Greenberg & Lawrence Schimel	1997
pst.000013299026	7492102	N/A	1097833	A Treasury of American Horror Stories	Martin H. Greenberg & Frank D. McSherry, Jr. & Charles G. Waugh	1985
mdp.39015004264886	138173	N/A	1122048	The Great Science Fiction Series	Martin H. Greenberg & Joseph D. Olander & Frederik Pohl	1980
uc1.b4553765	138173	N/A	1122048	The Great Science Fiction Series	Martin H. Greenberg & Joseph D. Olander & Frederik Pohl	1980
mdp.39015000353519	735154	N/A	1122050	Microcosmic Tales	Isaac Asimov & Martin H. Greenberg & Joseph D. Olander	1980
mdp.49015001298364	4512996	N/A	1128348	Nightmares in Dixie: Thirteen Horror Tales from the American South	Martin H. Greenberg & Frank D. McSherry, Jr. & Charles G. Waugh	1987
mdp.39015061154434	4735924	N/A	1128367	Pirate Ghosts of the American Coast	Martin H. Greenberg & Frank D. McSherry, Jr. & Charles G. Waugh	1988
mdp.39015064984142	5581650	N/A	1133285	The Apocalypse Reader	Justin Taylor	2007
mdp.39015019423543	2446183	N/A	1135768	An Illuminated History of the Future	Curtis White	1989
pst.000031945486	8384963	N/A	1158866	50 Great Horror Stories	John Canning	1969
pst.000011317982	12281182	N/A	1168299	Tales from Isaac Asimov's Science Fiction Magazine	Cynthia Manson & Sheila Williams	1986
inu.30000001396906	6056173	N/A	1180129	A Century of Horror Stories	Dennis Wheatley	1935
mdp.39015061386812	4928622	N/A	1266583	Best of the Midwest's Science Fiction, Fantasy & Horror	Brian Smart	1991
mdp.39015008604459	229606	N/A	1280435	Isaac Asimov's Masters of Science Fiction	George H. Scithers	1978
mdp.39015032907548	2811976	N/A	1281440	The Ultimate Zombie	John Gregory Betancourt & Byron Preiss	1993
mdp.39015008577051	1003635	N/A	1284126	Three for Tomorrow	Robert Silverberg	1969
mdp.39015015375218	1003635	N/A	1284126	Three for Tomorrow	Robert Silverberg	1969
pst.000066837572	12265482	N/A	1291998	Distant Early Warnings: Canada's Best Science Fiction	Robert J. Sawyer	2009
pst.000020497712	7055948	N/A	1294428	War with the Robots	Isaac Asimov & Martin H. Greenberg & Patricia S. Warrick	1992
pst.000009864269	12279223	N/A	1317319	Ghost Stories	John Hampden	1939
pst.000007408281	12255723	N/A	1328104	New Writings in SF 7	John Carnell	1971
pst.000007408335	12255723	N/A	1328106	New Writings in SF 8	John Carnell	1971
ppt.ssfcbz201808000050	102699404	N/A	1449771	The Best of Destinies	Jim Baen	1980
mdp.39015014614815	205985	N/A	1449863	Galaxy: The Best of My Years	Jim Baen	1980
ppt.ssfcbz201808000195	205985	N/A	1449863	Galaxy: The Best of My Years	Jim Baen	1980
inu.39000003492878	7593891	N/A	1750147	The Ultimate Werewolf	John Gregory Betancourt & David Keller & Megan Miller & Byron Preiss	1994
uc1.32106007606244	7104748	N/A	1931447	The Penguin World Omnibus of Science Fiction	Brian W. Aldiss & Sam J. Lundwall	1986
inu.30000004051573	7593866	N/A	1940751	A Treasury of American Mystery Stories	Martin H. Greenberg & Frank D. McSherry, Jr. & Charles G. Waugh	1989
mdp.39015032595970	2889720	N/A	2022305	It Happened Tomorrow	Bal Phondke	2001
uc1.b3989145	2889720	N/A	2022305	It Happened Tomorrow	Bal Phondke	2001
mdp.39015034420417	2999415	N/A	2039383	After Yesterday's Crash: The Avant-Pop Anthology	Larry McCaffery	1995
mdp.39015026815236	766053	N/A	2062831	World's Spring	Vladimir Gakov	1981
uc1.32106005276909	766053	N/A	2062831	World's Spring	Vladimir Gakov	1981
mdp.39015081739206	6859477	N/A	2173009	Subterranean Gallery	Richard Chizmar & William Schafer	1998
uva.x000715760	102060595	N/A	2838291	At the Mountains of Murkiness and Other Parodies	George Locke	1973
